customerID,prob,pred,risk_level
6861-XWTWQ,0.8965344,1,high
1389-CXMLU,0.37330997,0,medium
9769-TSBZE,0.70080584,1,high
0637-UBJRP,0.023881476,0,low
1122-JWTJW,0.08860713,0,low
4958-XCBDQ,0.043114107,0,low
4912-PIGUY,0.93372416,1,high
2692-PFYTJ,0.029341884,0,low
6080-TCMYC,0.7277831,1,high
2889-FPWRM,0.18593827,0,low
2272-UOINI,0.60915893,0,medium
4325-NFSKC,0.22173436,0,low
1934-SJVJK,0.34727007,0,medium
3154-CFSZG,0.8849971,1,high
5271-YNWVR,0.5296013,0,medium
8200-LGKSR,0.052224237,0,low
3898-BSJYF,0.5288851,0,medium
7570-WELNY,0.07603936,0,low
4192-GORJT,0.85177994,1,high
6897-RWMUB,0.6331869,1,medium
5624-BQSSA,0.55411196,0,medium
2725-TTRIQ,0.9366647,1,high
5087-SUURX,0.17470153,0,low
4913-EHYUI,0.17792761,0,low
7663-RGWBC,0.14331438,0,low
6384-VMJHP,0.36312926,0,medium
2607-FBDFF,0.014921229,0,low
2272-JKMSI,0.937256,1,high
0709-TVGUR,0.054243505,0,low
0670-ANMUU,0.7345402,1,high
5387-ASZNZ,0.112859644,0,low
6586-PSJOX,0.80601436,1,high
9221-OTIVJ,0.074445516,0,low
5135-GRQJV,0.052223813,0,low
1951-IEYXM,0.79036385,1,high
7083-YNSKY,0.5509947,0,medium
9758-MFWGD,0.042413596,0,low
6418-PIQSP,0.23866357,0,low
4735-ASGMA,0.037262976,0,low
1925-LFCZZ,0.7461902,1,high
5712-VBOXD,0.5758545,0,medium
2826-DXLQO,0.23064691,0,low
6229-LSCKB,0.5085858,0,medium
2418-TPEUN,0.5119499,0,medium
1304-NECVQ,0.22134808,0,low
6633-MPWBS,0.40471533,0,medium
6013-BHCAW,0.10997783,0,low
4191-XOVOM,0.8923019,1,high
8937-RDTHP,0.61033463,0,medium
8748-HFWBO,0.23440173,0,low
2232-DMLXU,0.23137102,0,low
6538-POCHL,0.02938122,0,low
0206-TBWLC,0.5151888,0,medium
4049-ZPALD,0.60278803,0,medium
1346-PJWTK,0.9400329,1,high
8663-UPDGF,0.7486977,1,high
4350-ZTLPI,0.8337235,1,high
6128-CZOMY,0.0084701,0,low
8929-KSWIH,0.42981103,0,medium
3923-CSIHK,0.30864224,0,medium
1092-WPIVQ,0.84694326,1,high
7649-PHJVR,0.8106268,1,high
4423-YLHDV,0.60207963,0,medium
8808-ELEHO,0.31097722,0,medium
0668-OGMHD,0.038438566,0,low
1907-YLNYW,0.05146949,0,low
7325-ENZFI,0.6867359,1,medium
3452-FLHYD,0.26201582,0,low
3891-PUQOD,0.2053495,0,low
8336-TAVKX,0.102248095,0,low
7613-LLQFO,0.005739918,0,low
2754-VDLTR,0.006148349,0,low
4228-ZGYUW,0.36374497,0,medium
8996-ZROXE,0.8870472,1,high
7826-VVKWT,0.7698865,1,high
6651-AZVTJ,0.03110712,0,low
2068-WWXQZ,0.6267347,1,medium
6625-IUTTT,0.46642232,0,medium
1209-VFFOC,0.90707326,1,high
8755-IWJHN,0.40417078,0,medium
4763-PGDPO,0.9221082,1,high
9773-PEQBZ,0.094903514,0,low
0244-LGNFY,0.037812985,0,low
0259-GBZSH,0.22392632,0,low
4123-FCVCB,0.5802256,0,medium
8782-NUUOL,0.10197359,0,low
8224-IVVPA,0.22154315,0,low
8812-ZRHFP,0.13792266,0,low
3049-NDXFL,0.053646177,0,low
5232-NXPAY,0.8846494,1,high
9871-ELEYA,0.48505652,0,medium
8123-QBNAZ,0.020795522,0,low
3712-PKXZA,0.04903281,0,low
1157-BQCUW,0.18925156,0,low
5975-BAICR,0.04233583,0,low
2190-BCXEC,0.19556955,0,low
7074-IEVOJ,0.46839955,0,medium
5276-KQWHG,0.014021849,0,low
1226-IENZN,0.012525319,0,low
4423-JWZJN,0.30660555,0,medium
9722-UJOJR,0.42931134,0,medium
7951-QKZPL,0.032749455,0,low
7492-TAFJD,0.8228219,1,high
7140-ADSMJ,0.79235107,1,high
4795-UXVCJ,0.41092226,0,medium
4349-GFQHK,0.029199155,0,low
4654-DLAMQ,0.8739754,1,high
7941-RCJOW,0.8931953,1,high
2235-DWLJU,0.024128115,0,low
9504-YAZWB,0.7149763,1,high
6877-LGWXO,0.032056127,0,low
1171-TYKUR,0.6735765,1,medium
2777-PHDEI,0.00795298,0,low
9436-ZBZCT,0.6313759,1,medium
0618-XWMSS,0.3075181,0,medium
9481-WHGWY,0.47183973,0,medium
6502-KUGLL,0.37716296,0,medium
7928-VJYAB,0.81481194,1,high
3703-VAVCL,0.2645545,0,low
2675-IJRGJ,0.052004196,0,low
3280-NMUVX,0.056838255,0,low
2254-DLXRI,0.027438026,0,low
3800-LYTRK,0.33799165,0,medium
8399-YNDCH,0.7308914,1,high
1285-OKIPP,0.08355621,0,low
0822-QGCXA,0.08000568,0,low
4929-XIHVW,0.6848271,1,medium
7030-NJVDP,0.083607234,0,low
4355-CVPVS,0.045325045,0,low
7473-ZBDSN,0.48447976,0,medium
5380-AFSSK,0.25859734,0,low
0608-JDVEC,0.07966508,0,low
0520-FDVVT,0.9218363,1,high
2294-SALNE,0.38228574,0,medium
4280-DLSHD,0.49873874,0,medium
8879-ZKJOF,0.32209912,0,medium
6908-VVYHM,0.058307562,0,low
4559-UWIHT,0.13436395,0,low
8938-UMKPI,0.80561924,1,high
0897-FEGMU,0.79125124,1,high
3057-VJJQE,0.81221396,1,high
3336-JORSO,0.21923193,0,low
7716-YTYHG,0.5208394,0,medium
5887-IKKYO,0.081235066,0,low
8345-MVDYC,0.00950752,0,low
7426-WEIJX,0.07041711,0,low
1658-XUHBX,0.038410325,0,low
9239-ZBZZV,0.029216617,0,low
8760-ZRHKE,0.0964077,0,low
9350-ZXYJC,0.050284907,0,low
2404-JIBFC,0.5002208,0,medium
6284-KMNUF,0.036562167,0,low
3647-GMGDH,0.41524133,0,medium
3317-VLGQT,0.045654338,0,low
4868-AADLV,0.8170978,1,high
8728-SKJLR,0.39968735,0,medium
6609-MXJHJ,0.08649045,0,low
5820-PTRYM,0.6580925,1,medium
9881-VCZEP,0.086154364,0,low
3099-OONVS,0.08531879,0,low
6080-LNESI,0.1738114,0,low
7711-GQBZC,0.62661487,1,medium
8985-OOPOS,0.28304487,0,low
6563-VNPMN,0.3364529,0,medium
4881-GQJTW,0.7632984,1,high
2886-KEFUM,0.011078756,0,low
5372-FBKBN,0.25170982,0,low
0376-YMCJC,0.097081155,0,low
0064-YIJGF,0.73774433,1,high
5231-FIQPA,0.51158124,0,medium
9555-SAHUZ,0.10221635,0,low
6778-JFCMK,0.27282736,0,low
6061-PQHMK,0.19735135,0,low
8510-TMWYB,0.9410878,1,high
1066-JKSGK,0.8585959,1,high
3058-HJCUY,0.12158127,0,low
7242-EDTYC,0.0725213,0,low
8851-RAGOV,0.09118084,0,low
0104-PPXDV,0.8454885,1,high
1565-RHDJD,0.8730827,1,high
7860-KSUGX,0.007192106,0,low
5171-EPLKN,0.016183985,0,low
8229-MYEJZ,0.9321941,1,high
7921-BEPCI,0.80305284,1,high
4983-CCWMC,0.04227236,0,low
8878-HMWBV,0.6555259,1,medium
4906-ZHGPK,0.58296853,0,medium
5095-ETBRJ,0.6099185,0,medium
3737-XBQDD,0.21291168,0,low
3126-WQMGH,0.11390951,0,low
8992-CEUEN,0.017756332,0,low
9495-SKLKD,0.02875299,0,low
0336-PIKEI,0.75166017,1,high
9764-REAFF,0.7198679,1,high
7228-OMTPN,0.024214672,0,low
4903-UYAVB,0.15795818,0,low
6807-SIWJI,0.44040042,0,medium
6295-OSINB,0.20874836,0,low
9003-CPATH,0.013957089,0,low
9648-BCHKM,0.16781168,0,low
0673-IGUQO,0.4245745,0,medium
3756-VNWDH,0.5385042,0,medium
9546-KDTRB,0.4728587,0,medium
3441-CGZJH,0.062931344,0,low
5914-GXMDA,0.02355516,0,low
7966-YOTQW,0.61719406,0,medium
4626-GYCZP,0.12559743,0,low
6917-IAYHD,0.6645912,1,medium
0661-XEYAN,0.72930986,1,high
2243-FNMMI,0.18774098,0,low
9592-ERDKV,0.034086898,0,low
5312-UXESG,0.7766927,1,high
7130-VTEWQ,0.6218271,1,medium
1131-SUEKT,0.017811853,0,low
0867-LDTTC,0.49825397,0,medium
0883-EIBTI,0.16544074,0,low
2446-PLQVO,0.016226353,0,low
7777-UNYHB,0.49619716,0,medium
6368-NWMCE,0.06752623,0,low
6348-SNFUS,0.039801955,0,low
3541-ZNUHK,0.02120031,0,low
0872-NXJYS,0.062202822,0,low
0689-NKYLF,0.027530348,0,low
4057-FKCZK,0.6694106,1,medium
7296-PIXQY,0.77073467,1,high
4661-NJEUX,0.057640232,0,low
9766-HGEDE,0.89457047,1,high
4835-YSJMR,0.07868929,0,low
7625-XCQRH,0.05384153,0,low
0848-SOMKO,0.0465688,0,low
4458-KVRBJ,0.843131,1,high
4359-INNWN,0.032854695,0,low
2729-VNVAP,0.38290858,0,medium
7639-LIAYI,0.06858195,0,low
7319-ZNRTR,0.57309586,0,medium
8630-FJLIB,0.50221825,0,medium
6339-TBELP,0.31062868,0,medium
8992-OBVDG,0.09371995,0,low
4589-IUAJB,0.5039822,0,medium
0946-CLJTI,0.54575324,0,medium
7776-QGYJC,0.83839834,1,high
9786-IJYDL,0.18847652,0,low
7025-IWFHT,0.81968,1,high
4489-SNOJF,0.2803456,0,low
2969-VAPYH,0.7569308,1,high
0623-IIHUG,0.8064734,1,high
2157-MXBJS,0.02303096,0,low
1241-FPMOF,0.86549264,1,high
8028-PNXHQ,0.94996125,1,high
2832-SCUCO,0.22479364,0,low
0851-DFJKB,0.061283126,0,low
6986-IXNDM,0.4728118,0,medium
8067-NIOYM,0.019416992,0,low
0562-HKHML,0.34883684,0,medium
1092-GANHU,0.6503605,1,medium
5138-WVKYJ,0.057903457,0,low
5955-ERIHD,0.30595994,0,medium
5161-XEUVX,0.33082524,0,medium
7718-RXDGG,0.02119626,0,low
9995-HOTOH,0.06085775,0,low
5458-CQJTA,0.6573108,1,medium
0098-BOWSO,0.626536,1,medium
1658-BYGOY,0.6235693,1,medium
3280-MRDOF,0.051377255,0,low
1830-IPXVJ,0.76188254,1,high
5575-GNVDE,0.8443046,1,high
9225-BZLNZ,0.9326946,1,high
0620-DLSLK,0.7475425,1,high
6145-NNPNO,0.043424934,0,low
3823-KYNQY,0.037428584,0,low
3893-JRNFS,0.90294003,1,high
6169-PPETC,0.37596002,0,medium
7113-HIPFI,0.17637849,0,low
2040-LDIWQ,0.78080297,1,high
9894-EZEWG,0.5650954,0,medium
6173-ITPWD,0.35445163,0,medium
0928-XUTSN,0.1795221,0,low
5673-TIYIB,0.45286185,0,medium
3512-IZIKN,0.582223,0,medium
0107-WESLM,0.3180537,0,medium
9825-YCXWZ,0.8344351,1,high
0455-ENTCR,0.8160871,1,high
0301-FIDRB,0.521576,0,medium
7463-IFMQU,0.9136957,1,high
2900-PHPLN,0.46066135,0,medium
9470-YFUYI,0.033253822,0,low
5206-XZZQI,0.20536634,0,low
8434-VGEQQ,0.044756476,0,low
0880-FVFWF,0.29189014,0,low
9134-CEQMF,0.87046504,1,high
9153-BTBVV,0.06289428,0,low
8263-JQAIK,0.15632167,0,low
0731-EBJQB,0.65770465,1,medium
1498-NHTLT,0.7075524,1,high
7218-HKQFK,0.40019983,0,medium
4915-BFSXL,0.20410274,0,low
7537-CBQUZ,0.1675599,0,low
5803-NQJZO,0.43369067,0,medium
7850-VWJUU,0.19814208,0,low
4847-QNOKA,0.036265742,0,low
0486-HECZI,0.34157684,0,medium
0872-CASZJ,0.17329094,0,low
8084-OIVBS,0.17891112,0,low
3410-MHHUM,0.84217376,1,high
4274-OWWYO,0.628136,1,medium
7274-CGTOD,0.65198433,1,medium
0621-JFHOL,0.9386961,1,high
4662-EKDPQ,0.25555477,0,low
4475-NVTLU,0.94347435,1,high
6726-WEXXK,0.116026856,0,low
8444-WRIDW,0.07165141,0,low
9290-SHCMB,0.2547302,0,low
7817-BOQPW,0.015831804,0,low
4816-LXZYW,0.065671876,0,low
5641-DMBFJ,0.5329046,0,medium
1027-LKKQQ,0.46357426,0,medium
3724-UCSHY,0.76684386,1,high
6402-ZFPPI,0.070501626,0,low
6693-DJWTY,0.92484504,1,high
9501-UKKNL,0.18142262,0,low
5644-PDMZC,0.61144996,0,medium
7813-TKCVO,0.73135394,1,high
1184-PJVDB,0.0075482945,0,low
2880-FPNAE,0.05133305,0,low
0815-MFZGM,0.41701216,0,medium
0125-LZQXK,0.0421843,0,low
1657-DYMBM,0.15825906,0,low
9058-CBREO,0.04528552,0,low
4973-MGTON,0.37127376,0,medium
1902-XBTFB,0.8460387,1,high
5602-BVFMK,0.07286457,0,low
0402-CQAJN,0.9594351,1,high
1389-WNUIB,0.8414111,1,high
7660-HDPJV,0.80746835,1,high
3088-LHEFH,0.034597572,0,low
6496-SLWHQ,0.65034664,1,medium
2654-VBVPB,0.78194785,1,high
1527-SXDPN,0.36152378,0,medium
2832-KJCRD,0.5327741,0,medium
4177-JPDFU,0.07529889,0,low
2931-SVLTV,0.7735624,1,high
2946-KIQSP,0.7785932,1,high
7587-AOVVU,0.75013584,1,high
0112-QAWRZ,0.032571103,0,low
8277-RVRSV,0.49697828,0,medium
5578-NKCXI,0.52921224,0,medium
2718-YSKCS,0.69424707,1,medium
6618-RYATB,0.4799374,0,medium
4612-THJBS,0.13813213,0,low
0761-AETCS,0.06843487,0,low
8499-BRXTD,0.8118064,1,high
1626-ERCMM,0.029029023,0,low
5649-TJHOV,0.8431893,1,high
1754-GKYPY,0.8612325,1,high
0265-PSUAE,0.30972302,0,medium
4256-ZWTZI,0.50597364,0,medium
5240-CAOYT,0.7386146,1,high
0089-IIQKO,0.016818369,0,low
1480-IVEVR,0.8328876,1,high
7940-UQQUG,0.25806534,0,low
9099-FTUHS,0.48389935,0,medium
9944-AEXBM,0.33101553,0,medium
2212-LYASK,0.70240337,1,high
9057-SIHCH,0.56350553,0,medium
5915-DGNVC,0.033640366,0,low
1970-KKFWL,0.8938243,1,high
6582-PLFUU,0.7129685,1,high
0670-KDOMA,0.44535193,0,medium
4633-MKHYU,0.6995551,1,medium
3627-FCRDW,0.59264857,0,medium
9251-WNSOD,0.8540861,1,high
0233-FTHAV,0.37151316,0,medium
1746-TGTWV,0.65172356,1,medium
5126-RCXYW,0.34334266,0,medium
0129-QMPDR,0.66276497,1,medium
0397-ZXWQF,0.024560077,0,low
3621-CEOVK,0.08815006,0,low
7020-OZKXZ,0.028175063,0,low
8597-CTXVJ,0.2203982,0,low
3327-YBAKM,0.40884158,0,medium
2323-ARSVR,0.02493717,0,low
4195-SMMNX,0.91145957,1,high
8327-LZKAS,0.69529074,1,medium
1346-UFHAX,0.9384241,1,high
8550-XSXUQ,0.034537952,0,low
1776-SPBWV,0.6487387,1,medium
8180-AKMJV,0.7691746,1,high
9495-REDIY,0.888296,1,high
9441-QHEVC,0.045406505,0,low
9554-DFKIC,0.7944422,1,high
2453-SAFNS,0.14484002,0,low
3996-ZNWYK,0.8216468,1,high
9799-CAYJJ,0.031414434,0,low
4464-JCOLN,0.2894529,0,low
3649-JPUGY,0.08611507,0,low
8327-WKMIE,0.18007244,0,low
2468-SJFLM,0.5970529,0,medium
8242-PDSGJ,0.42832947,0,medium
9498-FIMXL,0.06484294,0,low
2739-CACDQ,0.8877633,1,high
9479-HYNYL,0.55947953,0,medium
2061-VVFST,0.15870509,0,low
9170-CCKOU,0.7183036,1,high
6894-LFHLY,0.09390194,0,low
2703-AMTUL,0.3584733,0,medium
5067-WJEUN,0.79942393,1,high
6439-LAJXL,0.8627472,1,high
7206-GZCDC,0.9384976,1,high
4248-QPAVC,0.19169845,0,low
3312-ZWLGF,0.18783462,0,low
9788-YTFGE,0.08939007,0,low
8755-OGKNA,0.022809522,0,low
1227-UDMZR,0.11963372,0,low
2830-LEWOA,0.025921104,0,low
5301-GAUUY,0.018244807,0,low
0564-MUUQK,0.021117458,0,low
0730-BGQGF,0.43465114,0,medium
3413-DHLPB,0.25825986,0,low
7064-FRRSW,0.026957553,0,low
7730-CLDSV,0.039831806,0,low
0570-BFQHT,0.7763756,1,high
6689-VRRTK,0.021398418,0,low
4686-UXDML,0.4740821,0,medium
4818-QIUFN,0.89879054,1,high
6713-OKOMC,0.794252,1,high
0581-BXBUB,0.083754964,0,low
2040-VZIKE,0.59608436,0,medium
2250-IVBWA,0.027493306,0,low
5022-KVDQT,0.080118895,0,low
8267-KFGYD,0.6568505,1,medium
2969-QWUBZ,0.7020586,1,high
2205-LPVGL,0.366532,0,medium
2808-CHTDM,0.94539833,1,high
6050-IJRHS,0.6981373,1,medium
0052-DCKON,0.9358929,1,high
4700-UBQMV,0.38435605,0,medium
5520-FVEWJ,0.730476,1,high
4323-ELYYB,0.020583427,0,low
0378-XSZPU,0.1396478,0,low
7460-ITWWP,0.088550314,0,low
9647-ERGBE,0.6044388,0,medium
0727-IWKVK,0.79612166,1,high
8232-CTLKO,0.0345865,0,low
5797-APWZC,0.22340101,0,low
3422-WJOYD,0.15707387,0,low
0748-RDGGM,0.4543122,0,medium
6479-VDGRK,0.09234403,0,low
4767-HZZHQ,0.8474765,1,high
9272-LSVYH,0.634865,1,medium
3396-DKDEL,0.017291278,0,low
2920-RNCEZ,0.5485764,0,medium
3384-CTMSF,0.2387342,0,low
2024-BASKD,0.81826633,1,high
0123-CRBRT,0.7087365,1,high
7442-YGZFK,0.5918173,0,medium
6202-JVYEU,0.61009735,0,medium
7621-VPNET,0.94238234,1,high
4674-HGNUA,0.15723708,0,low
6837-BJYDQ,0.5376838,0,medium
5222-JCXZT,0.17904198,0,low
8990-ZXLSU,0.33963802,0,medium
2957-JIRMN,0.6714453,1,medium
4003-OCTMP,0.029978713,0,low
1597-FZREH,0.02782229,0,low
4597-NUCQV,0.8355843,1,high
5032-USPKF,0.8636574,1,high
3771-PZOBW,0.033697583,0,low
0931-MHTEM,0.2503812,0,low
7901-IIDQV,0.22427346,0,low
8879-XUAHX,0.17932723,0,low
1303-SRDOK,0.447229,0,medium
3777-XROBG,0.91338,1,high
6598-KELSS,0.3423111,0,medium
4815-YOSUK,0.007516285,0,low
6235-VDHOM,0.37773836,0,medium
7762-ONLJY,0.92460173,1,high
7995-ZHHNZ,0.08597685,0,low
2229-DPMBI,0.61299324,0,medium
0516-WJVXC,0.4116352,0,medium
3392-EHMNK,0.039374378,0,low
3707-LRWZD,0.13255402,0,low
5656-JAMLX,0.13003498,0,low
8917-FAEMR,0.2188732,0,low
7037-MTYVW,0.38071078,0,medium
8058-JMEQO,0.2482513,0,low
8042-JVNFH,0.3107806,0,medium
6752-APNJL,0.18205199,0,low
4090-KPJIP,0.0129457405,0,low
4922-CVPDX,0.04185047,0,low
2027-CWDNU,0.035489913,0,low
3472-QPRCH,0.015888466,0,low
5529-GIBVH,0.7004338,1,high
4190-MFLUW,0.123022385,0,low
4329-YPDDQ,0.44414493,0,medium
1635-NZATJ,0.17892028,0,low
7722-VJRQD,0.52869946,0,medium
3594-KADLU,0.10002886,0,low
3523-BRGUW,0.67532885,1,medium
7175-NTIXE,0.24667239,0,low
5136-RGMZO,0.6186221,0,medium
3282-ZISZV,0.4409183,0,medium
6546-OPBBH,0.7274535,1,high
2122-YWVYA,0.056206487,0,low
4132-POCZS,0.010237203,0,low
0927-LCSMG,0.37211537,0,medium
3345-JHUEO,0.016494703,0,low
2668-TZSPS,0.021140052,0,low
3794-NFNCH,0.17867091,0,low
6892-XPFPU,0.19412728,0,low
5312-TSZVC,0.5758545,0,medium
0701-RFGFI,0.007002038,0,low
9837-FWLCH,0.614308,0,medium
1539-LNKHM,0.80948967,1,high
5515-AKOAJ,0.03055604,0,low
5445-UTODQ,0.6893261,1,medium
6701-DHKWQ,0.01864702,0,low
2080-GKCWQ,0.13274089,0,low
1790-NESIO,0.21874413,0,low
2267-WTPYD,0.90106964,1,high
9348-ROUAI,0.77090335,1,high
2077-DDHJK,0.40644398,0,medium
3274-NSDWE,0.7426554,1,high
9090-SGQXL,0.5115875,0,medium
1324-NLTJE,0.74851394,1,high
8878-RYUKI,0.74591935,1,high
1320-HTRDR,0.32255137,0,medium
8097-VBQTZ,0.4438412,0,medium
1568-LJSZU,0.53666955,0,medium
3696-DFHHB,0.7230381,1,high
6734-FQAJX,0.42086723,0,medium
7349-ALMUX,0.6769392,1,medium
2604-XVDAM,0.01650165,0,low
2811-POVEX,0.5147177,0,medium
2565-JSLRY,0.44487804,0,medium
1013-QCWAM,0.009147757,0,low
2504-DSHIH,0.010331794,0,low
2007-QVGAW,0.01585201,0,low
8050-DVOJX,0.9134013,1,high
3623-FQBOX,0.034426134,0,low
6646-QVXLR,0.010659981,0,low
5583-EJXRD,0.0807449,0,low
0875-CABNR,0.06266793,0,low
6712-OAWRH,0.008610418,0,low
8849-AYPTR,0.034811813,0,low
9919-YLNNG,0.19603878,0,low
8144-DGHXP,0.78256786,1,high
3750-RNQKR,0.82949877,1,high
4950-BDEUX,0.057694934,0,low
3810-DVDQQ,0.021796996,0,low
2853-CWQFQ,0.014555223,0,low
3858-XHYJO,0.051563866,0,low
8200-KLNYW,0.6361783,1,medium
6047-YHPVI,0.089969955,0,low
2408-PSJVE,0.05294752,0,low
1031-IIDEO,0.2720615,0,low
8818-XYFCQ,0.030875968,0,low
9617-INGJY,0.58063316,0,medium
7615-ESMYF,0.81829524,1,high
2096-XOTMO,0.027795153,0,low
1821-BUCWY,0.03744998,0,low
2209-XADXF,0.5800764,0,medium
6890-PFRQX,0.27820346,0,low
5203-XEHAX,0.011949157,0,low
4397-FRLTA,0.63362896,1,medium
4644-PIZRT,0.8788779,1,high
7162-WPHPM,0.42178753,0,medium
8286-AFUYI,0.02088073,0,low
2324-AALNO,0.85157436,1,high
7929-SKFGK,0.1378958,0,low
8896-RAZCR,0.884552,1,high
7718-UPSKJ,0.5709051,0,medium
0479-HMSWA,0.026638357,0,low
0404-AHASP,0.8435155,1,high
2197-OMWGI,0.7076823,1,high
2305-MRGLV,0.048078068,0,low
5396-IZEPB,0.7071222,1,high
8097-OMULG,0.031700213,0,low
8800-JOOCF,0.30529854,0,medium
8155-IBNHG,0.0067291316,0,low
2516-VQRRV,0.15589726,0,low
0909-SDHNU,0.018701736,0,low
4676-MQUEA,0.014554531,0,low
6481-LXPWL,0.46335486,0,medium
5402-HTOTQ,0.039608046,0,low
4298-OYIFC,0.18845032,0,low
6331-EWIEB,0.011335996,0,low
4713-LZDRV,0.13910149,0,low
8775-ERLNB,0.55354565,0,medium
9821-BESNZ,0.020136816,0,low
7396-VJUZB,0.94352996,1,high
9052-VKDUW,0.26519006,0,low
1268-ASBGA,0.39140263,0,medium
3524-WQDSG,0.60916114,0,medium
5345-BMKWB,0.019397214,0,low
5186-SAMNZ,0.356177,0,medium
1814-DKOLC,0.86099464,1,high
1877-HKBQX,0.006158742,0,low
9490-DFPMD,0.28459007,0,low
8245-UMPYT,0.114792824,0,low
4018-PPNDW,0.38483363,0,medium
4616-EWBNJ,0.057922743,0,low
9602-WCXPI,0.59135985,0,medium
7729-JTEEC,0.77095836,1,high
6480-YAGIY,0.92056245,1,high
1875-QIVME,0.95571154,1,high
4184-TJFAN,0.017670568,0,low
2391-IPLOP,0.722855,1,high
2402-TAIRZ,0.5768122,0,medium
4074-SJFFA,0.027907759,0,low
9888-ZCUMM,0.67495036,1,medium
2790-XUYMV,0.028488724,0,low
2192-CKRLV,0.8405329,1,high
7823-JSOAG,0.10550304,0,low
7018-WBJNK,0.05935752,0,low
5651-CRHKQ,0.8667276,1,high
8883-GRDWQ,0.24595591,0,low
4079-VTGLK,0.33855566,0,medium
2325-NBPZG,0.2519259,0,low
2266-FUBDZ,0.44113922,0,medium
9637-EIHEQ,0.03803833,0,low
7493-GVFIO,0.6086331,0,medium
6010-DDPPW,0.54311883,0,medium
8750-QWZAJ,0.03254779,0,low
2105-PHWON,0.060865775,0,low
8857-CUPFQ,0.34163058,0,medium
9987-LUTYD,0.9338512,1,high
7469-LKBCI,0.07616161,0,low
0067-DKWBL,0.6906473,1,medium
0220-EBGCE,0.026024068,0,low
9617-UDPEU,0.73953855,1,high
0362-ZBZWJ,0.7169789,1,high
6839-ITVZJ,0.6222721,1,medium
6870-ZWMNX,0.13109918,0,low
1550-LOAHA,0.93051493,1,high
5327-XOKKY,0.054008596,0,low
5917-RYRMG,0.8362522,1,high
4521-WFJAI,0.23085572,0,low
8164-OCKUJ,0.7106263,1,high
3889-VWBID,0.35369182,0,medium
1641-BYBTK,0.6247514,1,medium
7654-YWJUF,0.033921488,0,low
6097-EQISJ,0.73439515,1,high
8229-BUJHX,0.9191023,1,high
6408-OTUBZ,0.21495411,0,low
6734-GMPVK,0.65436494,1,medium
8908-SLFCJ,0.55593705,0,medium
3178-CIFOT,0.59659714,0,medium
2499-AJYUA,0.75508916,1,high
6402-SSEJG,0.0960837,0,low
7758-UJWYS,0.23473135,0,low
7563-BIUPC,0.73212135,1,high
2882-DDZPG,0.863713,1,high
4232-JGKIY,0.7287429,1,high
6227-FBDXH,0.24349463,0,low
1697-BCSHV,0.01855351,0,low
9279-CJEOJ,0.9224305,1,high
3950-VPYJB,0.62321436,1,medium
6139-ZZRBQ,0.24425219,0,low
6849-OYAMU,0.5882721,0,medium
0824-VWDPO,0.25919035,0,low
5501-TVMGM,0.33784384,0,medium
2982-IHMFT,0.49971393,0,medium
0013-MHZWF,0.5061168,0,medium
9357-UJRUN,0.11388385,0,low
0168-XZKBB,0.62661487,1,medium
2575-GFSOE,0.16473384,0,low
5898-IGSLP,0.048208814,0,low
2115-BFTIW,0.7808563,1,high
6621-YOBKI,0.19297254,0,low
8809-RIHDD,0.56535864,0,medium
5795-BKOYE,0.028183885,0,low
3374-LXDEV,0.41381562,0,medium
6000-UKLWI,0.7526654,1,high
2589-AYCRP,0.36708087,0,medium
0181-RITDD,0.66562,1,medium
3391-JSQEW,0.06461032,0,low
6956-SMUCM,0.53837377,0,medium
3727-JEZTU,0.04003398,0,low
3365-SAIGS,0.6395541,1,medium
9889-TMAHG,0.36698052,0,medium
3721-CNZHX,0.22563866,0,low
3642-GKTCT,0.39328933,0,medium
8143-ETQTI,0.035193983,0,low
8749-JMNKX,0.008927941,0,low
2056-EVGZL,0.027163524,0,low
7517-SAWMO,0.07628835,0,low
9036-CSKBW,0.17862417,0,low
1725-IQNIY,0.66359353,1,medium
9258-CNWAC,0.6618874,1,medium
6313-GIDIT,0.7794856,1,high
7216-EWTRS,0.38540542,0,medium
1810-BOHSY,0.5815183,0,medium
5248-RPYWW,0.027746867,0,low
7156-MXBJE,0.56853276,0,medium
4361-BKAXE,0.3395026,0,medium
5393-HJZSM,0.3768032,0,medium
4654-ULTTN,0.37232167,0,medium
0640-YJTPY,0.7773358,1,high
2178-PMGCJ,0.057258498,0,low
7531-GQHME,0.02447325,0,low
5057-RKGLH,0.6810304,1,medium
0021-IKXGC,0.34067163,0,medium
3750-CKVKH,0.37226635,0,medium
8181-YHCMF,0.037017282,0,low
0285-INHLN,0.47332612,0,medium
4391-LNRXK,0.29322344,0,low
2430-RRYUW,0.06738117,0,low
6772-KSATR,0.2723313,0,low
1980-KXVPM,0.06492257,0,low
1465-VINDH,0.11548909,0,low
9140-CZQZZ,0.02698114,0,low
7176-WIONM,0.010811501,0,low
3074-GQWYX,0.7053043,1,high
0581-MDMPW,0.040000368,0,low
9891-NQDBD,0.6309377,1,medium
6532-YLWSI,0.69742894,1,medium
9774-NRNAU,0.18778887,0,low
3507-GASNP,0.26608738,0,low
5740-YHGTW,0.07542428,0,low
4487-ZYJZK,0.5205746,0,medium
7089-XXAYG,0.1042125,0,low
5469-NUJUR,0.14113468,0,low
3423-HHXAO,0.007260461,0,low
9332-GYWLO,0.86966574,1,high
2916-BQZLN,0.013478936,0,low
0334-ZFJSR,0.5844993,0,medium
8974-OVACP,0.026348276,0,low
2834-JRTUA,0.06766115,0,low
2719-BDAQO,0.6560138,1,medium
5533-NHFRF,0.9029257,1,high
2087-QAREY,0.020779248,0,low
8414-OOEEL,0.029403033,0,low
4077-CROMM,0.54098624,0,medium
2419-FSORS,0.8128715,1,high
4895-TMWIR,0.50441444,0,medium
0634-SZPQA,0.18342277,0,low
0336-KXKFK,0.6592254,1,medium
7767-UXAGJ,0.74019194,1,high
4795-KTRTH,0.030434297,0,low
0201-MIBOL,0.4498579,0,medium
9139-WQQDY,0.038425814,0,low
4012-YCFAI,0.06893098,0,low
9298-WGMRW,0.042741403,0,low
4706-DGAHW,0.04427326,0,low
1395-OFUWC,0.8337585,1,high
2868-LLSKM,0.7899348,1,high
7109-CQYUZ,0.2196676,0,low
4826-DXMUP,0.09038303,0,low
2507-QZPQS,0.84668124,1,high
0141-YEAYS,0.50884354,0,medium
5619-PTMIK,0.16655847,0,low
2219-MVUSO,0.8140078,1,high
3410-YOQBQ,0.026364837,0,low
6746-WAUWT,0.11771067,0,low
6769-DYBQN,0.14359286,0,low
8065-BVEPF,0.48987365,0,medium
5716-EZXZN,0.036346916,0,low
6502-MJQAE,0.09818075,0,low
9959-WOFKT,0.4449243,0,medium
1212-GLHMD,0.33456296,0,medium
9909-DFRJA,0.29041916,0,low
4283-IVYCI,0.04389775,0,low
9143-CANJF,0.6308916,1,medium
4236-XPXAV,0.1183182,0,low
3814-MLAXC,0.5295272,0,medium
3318-ISQFQ,0.84187007,1,high
6641-XRPSU,0.88743836,1,high
6261-LHRTG,0.7584848,1,high
7833-PKIHD,0.8158818,1,high
1116-DXXDF,0.025622925,0,low
5692-ICXLW,0.1671786,0,low
9861-PDSZP,0.030469151,0,low
3167-SNQPL,0.07047866,0,low
0357-NVCRI,0.72599286,1,high
2824-MYYBN,0.43218103,0,medium
8107-RZLNV,0.7161548,1,high
3307-TLCUD,0.89652586,1,high
1349-WXNGG,0.056522395,0,low
5127-BZENZ,0.30438095,0,medium
2040-XBAVJ,0.15257405,0,low
0921-OHLVP,0.8921589,1,high
8058-INTPH,0.1506061,0,low
3317-HRTNN,0.043096118,0,low
6439-GTPCA,0.72827286,1,high
2135-DQWAQ,0.4957102,0,medium
2550-QHZGP,0.46307135,0,medium
5176-OLSKT,0.025266342,0,low
7812-FZHPE,0.8228417,1,high
5669-SRAIP,0.12972413,0,low
6259-WJQLC,0.06433832,0,low
8515-OCTJS,0.038834754,0,low
2207-RYYRL,0.70787716,1,high
5569-OUICF,0.03425662,0,low
8707-RMEZH,0.06430948,0,low
4976-LNFVV,0.8029424,1,high
4291-YZODP,0.013694713,0,low
1591-XWLGB,0.6450191,1,medium
0315-LVCRK,0.69886744,1,medium
7607-QKKTJ,0.025823593,0,low
4139-JPIAM,0.68098074,1,medium
2235-EZAIK,0.55829585,0,medium
9137-UIYPG,0.02496738,0,low
5129-JLPIS,0.053149175,0,low
0002-ORFBO,0.01673235,0,low
5447-WZAFP,0.25697288,0,low
7989-VCQOH,0.25748497,0,low
8465-SBRXP,0.6546875,1,medium
1624-WOIWJ,0.393675,0,medium
2958-NHPPS,0.007802651,0,low
0032-PGELS,0.52070373,0,medium
1599-MMYRQ,0.7256744,1,high
7541-YLXCL,0.050365776,0,low
2661-GKBTK,0.067849025,0,low
6993-OHLXR,0.700261,1,high
8614-VGMMV,0.85759753,1,high
8062-YBDOE,0.47825837,0,medium
9318-NKNFC,0.019627765,0,low
0953-LGOVU,0.90576386,1,high
7562-UXTPG,0.11176185,0,low
9103-TCIHJ,0.035109393,0,low
7009-PCARS,0.39318264,0,medium
7394-LWLYN,0.9015333,1,high
6624-JDRDS,0.8465876,1,high
9776-CLUJA,0.44731456,0,medium
7217-JYHOQ,0.82387394,1,high
1474-JUWSM,0.78402436,1,high
8041-TMEID,0.033868227,0,low
6394-HHHZM,0.051757425,0,low
7495-OOKFY,0.9485477,1,high
6386-SZZKH,0.46629512,0,medium
2080-SRCDE,0.053622216,0,low
0121-SNYRK,0.11140452,0,low
9489-UTFKA,0.14784868,0,low
2636-ALXXZ,0.4663451,0,medium
3563-SVYLG,0.04823376,0,low
8292-FRFZQ,0.4604091,0,medium
3352-ALMCK,0.81678236,1,high
8865-TNMNX,0.09269867,0,low
8920-NAVAY,0.96213657,1,high
4081-DYXAV,0.24460152,0,low
5651-WYIPH,0.8738435,1,high
9223-UCPVT,0.12109283,0,low
3635-QQRQD,0.58218014,0,medium
4701-LKOZD,0.44463584,0,medium
8597-CWYHH,0.057533316,0,low
6648-INWPS,0.2109818,0,low
7176-WRTNX,0.4966739,0,medium
1432-FPAXX,0.66691226,1,medium
3605-JISKB,0.00886098,0,low
8626-XHBIE,0.024985889,0,low
4277-PVRAN,0.111154206,0,low
2111-DWYHN,0.16488306,0,low
1319-YLZJG,0.74685407,1,high
9488-HGMJH,0.02708902,0,low
4257-GAESD,0.7565021,1,high
2542-HYGIQ,0.04353638,0,low
3765-JXVKY,0.6687328,1,medium
0485-ZBSLN,0.62732214,1,medium
3528-HFRIQ,0.0063999905,0,low
7233-DRTRF,0.7848157,1,high
8149-RSOUN,0.09836393,0,low
4717-GHADL,0.68682325,1,medium
8065-QBYTO,0.02106997,0,low
2519-TWKFS,0.011686679,0,low
6341-JVQGF,0.87655634,1,high
2959-MJHIC,0.9250403,1,high
3946-MHCZW,0.048534304,0,low
9200-NLNPD,0.35233754,0,medium
9614-RMGHA,0.548777,0,medium
6869-FGJJC,0.012083309,0,low
6907-CQGPN,0.7385679,1,high
4374-YMUSQ,0.25920025,0,low
1407-DIGZV,0.5853859,0,medium
4534-WGCIR,0.029189736,0,low
4198-VFOEA,0.0848059,0,low
5762-TJXGK,0.68588245,1,medium
4526-ZJJTM,0.90942085,1,high
0040-HALCW,0.69247067,1,medium
2979-SXESE,0.16358976,0,low
0164-XAIRP,0.021238063,0,low
8208-EUMTE,0.8878447,1,high
6207-WIOLX,0.7715835,1,high
1095-JUDTC,0.11285481,0,low
0650-BWOZN,0.16580114,0,low
8361-LBRDI,0.023604678,0,low
1796-JANOW,0.67667955,1,medium
5120-ZBLAI,0.29772946,0,low
1670-SVOWZ,0.36839864,0,medium
3415-TAILE,0.019572847,0,low
5687-DKDTV,0.03356639,0,low
5651-YLPRD,0.84969974,1,high
5897-ZYEKH,0.2912574,0,low
1452-UZOSF,0.0319013,0,low
2038-OEQZH,0.74154764,1,high
8221-HVAYI,0.010522809,0,low
6435-SRWBJ,0.05925678,0,low
6899-PPEEA,0.07394848,0,low
7253-UVNDW,0.03718507,0,low
4686-GEFRM,0.66607463,1,medium
6563-VRERX,0.5454656,0,medium
9210-IAHGH,0.9071521,1,high
5306-BVTKJ,0.04333055,0,low
0880-TKATG,0.46208978,0,medium
3627-FHKBK,0.027890036,0,low
9481-IEBZY,0.8942156,1,high
4554-YGZIH,0.016706929,0,low
1205-WNWPJ,0.6771677,1,medium
6583-SZVGP,0.047439855,0,low
7746-AWNQW,0.03150536,0,low
8909-BOLNL,0.8385329,1,high
3966-HRMZA,0.58789015,0,medium
1600-DILPE,0.67926556,1,medium
6082-GLJIX,0.8354159,1,high
1360-RCYRT,0.12682995,0,low
8348-JLBUG,0.12017706,0,low
4094-NSEDU,0.8891626,1,high
2041-JIJCI,0.56561065,0,medium
2664-XJZNO,0.034672488,0,low
1981-INRFU,0.010198373,0,low
1732-FEKLD,0.18329021,0,low
0567-XRHCU,0.51106524,0,medium
7658-UYUQS,0.23533842,0,low
0464-WJTKO,0.31518424,0,medium
3315-IKYZQ,0.06705982,0,low
7854-EKTJL,0.37587667,0,medium
6616-AALSR,0.15692037,0,low
1431-CYWMH,0.09216761,0,low
1084-MNSMJ,0.48912928,0,medium
5449-FIBXJ,0.8726777,1,high
4695-VADHF,0.26117763,0,low
3339-EAQNV,0.703845,1,high
5730-DBDSI,0.007959017,0,low
9397-TZSHA,0.8090538,1,high
8756-RDDLT,0.45923716,0,medium
4541-RMRLG,0.848828,1,high
2314-TNDJQ,0.90566033,1,high
6728-VOIFY,0.07106696,0,low
8250-ZNGGW,0.17907353,0,low
6848-HJTXY,0.04896061,0,low
0203-HHYIJ,0.5824165,0,medium
4522-AKYLR,0.8563355,1,high
7795-CFOCW,0.2999192,0,low
9692-TUSXH,0.027259676,0,low
4822-NGOCH,0.2529972,0,low
2632-UCGVD,0.15168324,0,low
7750-EYXWZ,0.9068646,1,high
9576-ANLXO,0.36054602,0,medium
0221-WMXNQ,0.03354052,0,low
6583-KQJLK,0.09335385,0,low
7302-ZHMHP,0.5136114,0,medium
5859-HZYLF,0.056217,0,low
7542-CYDDM,0.008950047,0,low
6770-XUAGN,0.5409747,0,medium
0229-LFJAF,0.04293594,0,low
4459-BBGHE,0.3621395,0,medium
1086-LXKFY,0.56849504,0,medium
2039-JONDJ,0.04195533,0,low
5542-TBBWB,0.80920887,1,high
6198-RTPMF,0.93672895,1,high
6369-MCAKO,0.015873889,0,low
0197-PNKNK,0.8331416,1,high
7629-WIXZF,0.8574475,1,high
6072-NUQCB,0.72440267,1,high
3721-WKIIL,0.8769847,1,high
0876-WDUUZ,0.22863801,0,low
4883-KCPZJ,0.06890404,0,low
7446-SFAOA,0.58695203,0,medium
6131-FOYAS,0.72085804,1,high
5995-WWKKG,0.8308118,1,high
5542-NKVRU,0.9253054,1,high
0940-OUQEC,0.005850354,0,low
6734-PSBAW,0.7952747,1,high
8591-TKMZH,0.100234024,0,low
0956-SYCWG,0.026211254,0,low
5195-KPUNQ,0.9348977,1,high
5095-AESKG,0.4789735,0,medium
2208-UGTGR,0.59291285,0,medium
3957-SQXML,0.4411293,0,medium
5512-IDZEI,0.011832714,0,low
7427-AUFPY,0.27785647,0,low
2108-YKQTY,0.043222558,0,low
7311-MQJCH,0.9152733,1,high
1448-PWKYE,0.61192864,0,medium
9822-WMWVG,0.35619327,0,medium
0804-YGEQV,0.3998098,0,medium
8314-HTWVE,0.5503083,0,medium
3118-UHVVQ,0.4406673,0,medium
9058-HRZSV,0.042662565,0,low
0411-EZJZE,0.6217335,1,medium
8160-HOWOX,0.28958815,0,low
8158-WPEZG,0.032425378,0,low
5277-ZLOOR,0.6813366,1,medium
9752-ZNQUT,0.03683312,0,low
0234-TEVTT,0.42096862,0,medium
8265-HKSOW,0.31520897,0,medium
5153-LXKDT,0.31770945,0,medium
4139-DETXS,0.69863266,1,medium
3612-YVGSJ,0.84508765,1,high
9067-SQTNS,0.4841078,0,medium
9168-INPSZ,0.078170665,0,low
9611-CTWIH,0.01783304,0,low
5173-ZXXXL,0.45630962,0,medium
6994-KERXL,0.46796346,0,medium
5404-GGUKR,0.68886524,1,medium
1552-AAGRX,0.18146598,0,low
8197-BFWVU,0.028217802,0,low
4967-WPNCF,0.84647876,1,high
4456-RHSNB,0.74799156,1,high
9136-ALYBR,0.62152696,1,medium
0947-MUGVO,0.14816913,0,low
9537-VHDTA,0.6260625,1,medium
5774-XZTQC,0.6435304,1,medium
3453-RTHJQ,0.9268835,1,high
3398-ZOUAA,0.040196724,0,low
3521-SYVOR,0.040095158,0,low
8766-PAFNE,0.039635163,0,low
1945-XISKS,0.18763258,0,low
5673-FSSMF,0.9355028,1,high
6527-PZFPV,0.3113771,0,medium
3298-QEICA,0.879119,1,high
5716-LIBJC,0.6392398,1,medium
2676-SSLTO,0.19379143,0,low
9481-SFCQY,0.08183392,0,low
7359-WWYJV,0.7281218,1,high
4115-UMJFQ,0.83868915,1,high
8763-KIAFH,0.53820115,0,medium
5522-NYKPB,0.4652964,0,medium
8060-HIWJJ,0.47806248,0,medium
2474-BRUCM,0.44069365,0,medium
8565-WUXZU,0.3806419,0,medium
0961-ZWLVI,0.36999506,0,medium
6704-UTUKK,0.31835705,0,medium
3866-MDTUB,0.30191082,0,medium
4445-ZJNMU,0.117264,0,low
0404-SWRVG,0.519676,0,medium
1685-VAYJF,0.061742995,0,low
9548-LIGTA,0.4727428,0,medium
4433-JCGCG,0.7123504,1,high
0319-QZTCO,0.23733544,0,low
4872-VXRIL,0.9120363,1,high
1307-ATKGB,0.43384588,0,medium
0979-PHULV,0.015087899,0,low
8547-NSBBO,0.019279188,0,low
7994-XIRTR,0.18759081,0,low
4514-GFCFI,0.37275532,0,medium
3284-SVCRO,0.0074422807,0,low
0256-LTHVJ,0.7140241,1,high
4277-BWBML,0.8034765,1,high
0379-DJQHR,0.012657147,0,low
6518-PPLMZ,0.36600667,0,medium
4445-KWOKW,0.44992968,0,medium
2773-OVBPK,0.617433,0,medium
6845-RGTYS,0.064016804,0,low
5019-GQVCR,0.29409894,0,low
1206-EHBDD,0.085839555,0,low
8874-EJNSR,0.9434734,1,high
2220-IAHLS,0.25373426,0,low
4472-VESGY,0.8571708,1,high
7190-XHTWJ,0.7397811,1,high
9787-XVQIU,0.8677335,1,high
4112-LUEIZ,0.04666964,0,low
3705-PSNGL,0.37520653,0,medium
4193-ORFCL,0.53213376,0,medium
7100-FQPRV,0.10433233,0,low
2018-QKYGT,0.86907786,1,high
6873-UDNLD,0.13615064,0,low
4598-XLKNJ,0.47650036,0,medium
8735-NBLWT,0.5896103,0,medium
0380-ZCSBI,0.7992738,1,high
8685-WHQPW,0.43433657,0,medium
8623-TMRBY,0.14541148,0,low
9600-UDOPK,0.027902793,0,low
3067-SVMTC,0.46864843,0,medium
2257-BOVXD,0.6293553,1,medium
3941-XTSKM,0.2754975,0,low
5598-IKHQQ,0.060720935,0,low
6745-JEFZB,0.04797278,0,low
2683-JXWQQ,0.010155934,0,low
8111-RKSPX,0.78650075,1,high
8713-IGZSO,0.047624074,0,low
5698-BQJOH,0.07212414,0,low
5842-POCOP,0.022672368,0,low
4446-BZKHU,0.07873686,0,low
1271-SJBGZ,0.08280864,0,low
6923-JHPMP,0.812463,1,high
5583-SXDAG,0.04140541,0,low
2550-AEVRU,0.1808426,0,low
2720-WGKHP,0.20471604,0,low
2924-KHUVI,0.05755946,0,low
6952-OMNWB,0.08226224,0,low
2560-WBWXF,0.81952894,1,high
9741-YLNTD,0.6248905,1,medium
0122-OAHPZ,0.27510858,0,low
6445-TNRXS,0.6457863,1,medium
9978-HYCIN,0.09797595,0,low
3061-BCKYI,0.10146441,0,low
1905-OEILC,0.766895,1,high
0983-TATYJ,0.35946062,0,medium
0301-KOBTQ,0.015745584,0,low
2676-ISHSF,0.022278592,0,low
0907-HQNTS,0.8789847,1,high
1049-FYSYG,0.55451167,0,medium
6504-VBLFL,0.66658443,1,medium
6286-SUUWT,0.5059344,0,medium
4425-OWHWB,0.67521155,1,medium
2656-FMOKZ,0.65542734,1,medium
4693-VWVBO,0.79890186,1,high
9867-NNXLC,0.43491152,0,medium
3776-EKTKM,0.25303927,0,low
5451-YHYPW,0.06241482,0,low
0529-ONKER,0.7056558,1,high
9777-WJJPR,0.8608636,1,high
0679-TDGAK,0.19136728,0,low
8779-YIQQA,0.8238519,1,high
1561-BWHIN,0.84505504,1,high
4377-VDHYI,0.56340766,0,medium
3587-PMCOY,0.75866956,1,high
5084-OOVCJ,0.9216924,1,high
1063-DHQJF,0.83028394,1,high
8590-OHDIW,0.48202962,0,medium
1097-FSPVW,0.92970055,1,high
3192-LNKRK,0.64951354,1,medium
7298-IZWLY,0.85998327,1,high
6656-JWRQX,0.03978063,0,low
3190-FZATL,0.36115265,0,medium
8413-VONUO,0.041305244,0,low
8167-GJLRN,0.08606976,0,low
8242-SOQUO,0.037939653,0,low
9039-ZVJDC,0.62433803,1,medium
4925-LMHOK,0.04792759,0,low
3211-AAPKX,0.75485224,1,high
4488-KQFDT,0.7157121,1,high
8189-HBVRW,0.029858287,0,low
0612-RTZZA,0.84671897,1,high
9795-VOWON,0.08447192,0,low
2801-NISEI,0.7878743,1,high
5386-THSLQ,0.72550726,1,high
2800-VEQXM,0.8345464,1,high
3429-IFLEM,0.2700298,0,low
5176-LDKUH,0.0781339,0,low
4183-MYFRB,0.02177136,0,low
9229-RQABD,0.05822899,0,low
2428-ZMCTB,0.2939131,0,low
3197-NNYNB,0.8424738,1,high
1251-STYSZ,0.6403556,1,medium
1575-KRZZE,0.035704784,0,low
2612-PHGOX,0.7072858,1,high
5394-SVGJV,0.9374391,1,high
6689-KXGBO,0.057689734,0,low
9073-ZZIAY,0.17871551,0,low
2619-WFQWU,0.028114252,0,low
1236-WFCDV,0.60865885,0,medium
0771-CHWSK,0.3514203,0,medium
8205-MQUGY,0.40027174,0,medium
6424-ELEYH,0.03750593,0,low
8262-COGGB,0.7282792,1,high
6082-OQFBA,0.034088507,0,low
2005-DWQZJ,0.36017197,0,medium
5197-PYEPU,0.50354594,0,medium
9921-QFQUL,0.41734236,0,medium
0744-GKNGE,0.059280507,0,low
5956-VKDTT,0.068863355,0,low
3948-XHGNA,0.9378991,1,high
2225-ZRGSG,0.06929155,0,low
2239-CFOUJ,0.57065904,0,medium
8741-LQOBK,0.49760905,0,medium
8634-CILSZ,0.34575674,0,medium
9337-SRRNI,0.73635006,1,high
6821-JPCDC,0.019429661,0,low
5622-UEJFI,0.048317395,0,low
5227-JSCFE,0.76906466,1,high
9955-QOPOY,0.5908601,0,medium
7016-BPGEU,0.16685475,0,low
3050-GBUSH,0.29612353,0,low
2506-CLAKW,0.90968484,1,high
2587-YNLES,0.8834227,1,high
6377-WHAOX,0.04314819,0,low
1552-TKMXS,0.3559359,0,medium
8082-GHXOP,0.011388709,0,low
5649-VUKMC,0.7201056,1,high
6542-LWGXJ,0.026415791,0,low
8605-ITULD,0.5008034,0,medium
3466-WAESX,0.7731214,1,high
3422-GALYP,0.016400985,0,low
9938-EKRGF,0.225581,0,low
7831-QGOXH,0.009920566,0,low
5002-GCQFH,0.70072657,1,high
6158-DWPZT,0.9064568,1,high
7690-KPNCU,0.61411357,0,medium
7235-NXZCP,0.8797199,1,high
3146-JTQHR,0.0652149,0,low
0311-UNPFF,0.6902913,1,medium
4795-WRNVT,0.07091312,0,low
2332-TODQS,0.72106993,1,high
4480-MBMLB,0.13025549,0,low
3594-BDSOA,0.3196861,0,medium
4026-SKKHW,0.055733662,0,low
1730-VFMWO,0.52095157,0,medium
4844-JJWUY,0.8995808,1,high
3079-BCHLN,0.09563232,0,low
7856-GANIL,0.60440725,0,medium
9514-JDSKI,0.74107265,1,high
1658-TJVOA,0.034548454,0,low
3736-BLEPA,0.7415055,1,high
6689-TCZHQ,0.8012616,1,high
5751-USDBL,0.07322007,0,low
5154-VEKBL,0.43288618,0,medium
0019-GFNTW,0.046515267,0,low
8098-TDCBU,0.6631592,1,medium
2657-ALMWY,0.55662143,0,medium
3753-TSEMP,0.3584762,0,medium
0774-RMNUW,0.9147633,1,high
0023-UYUPN,0.19109194,0,low
4226-KKDON,0.043484654,0,low
5614-DNZCE,0.17122987,0,low
8390-FESFV,0.5467684,0,medium
2207-NHRJK,0.4700612,0,medium
2990-HWIML,0.46431926,0,medium
0193-ESZXP,0.53052455,0,medium
0248-PGHBZ,0.030441893,0,low
6766-HFKLA,0.91361576,1,high
5699-BNCAS,0.15351616,0,low
1360-JYXKQ,0.025523558,0,low
3186-AJIEK,0.4922528,0,medium
4526-RMTLL,0.78341275,1,high
6366-XIVKZ,0.096146524,0,low
7029-IJEJK,0.023237422,0,low
1702-CCFNJ,0.35724705,0,medium
4770-UEZOX,0.8255424,1,high
8361-LTMKD,0.6490589,1,medium
2097-YVPKN,0.4492831,0,medium
6067-NGCEU,0.15349452,0,low
5671-RQRLP,0.6658182,1,medium
4948-WBBKL,0.01096844,0,low
7674-YTAFD,0.02354534,0,low
2054-PJOCK,0.63274175,1,medium
6344-SFJVH,0.69127816,1,medium
2931-VUVJN,0.25257993,0,low
2692-AQCPF,0.24147724,0,low
4607-CHPCA,0.011605832,0,low
0281-CNTZX,0.7514796,1,high
3675-YDUPJ,0.47546253,0,medium
6122-LJADA,0.80433965,1,high
8295-FHIVV,0.56288236,0,medium
6496-JDSSB,0.6310967,1,medium
3970-XGJDU,0.48870617,0,medium
9373-WSLOY,0.018882116,0,low
8329-UTMVM,0.042827647,0,low
9236-NDUCW,0.756452,1,high
4360-PNRQB,0.8366583,1,high
7169-YWAMK,0.6979134,1,medium
0487-VVUVK,0.69494665,1,medium
6457-GIRWB,0.08097607,0,low
0311-QYWSS,0.8489593,1,high
4640-UHDOS,0.33033288,0,medium
1293-HHSHJ,0.88562834,1,high
5482-PLVPE,0.11293359,0,low
3229-USWAR,0.09426523,0,low
4317-VTEOA,0.8246461,1,high
5331-RGMTT,0.25343743,0,low
2774-LVQUS,0.10898028,0,low
9601-BRXPO,0.025396043,0,low
7105-BENQF,0.17532298,0,low
2159-TURXX,0.16170849,0,low
8577-QSOCG,0.8098476,1,high
6630-UJZMY,0.044022113,0,low
8908-NMQTX,0.027586736,0,low
2674-MIAHT,0.22156371,0,low
8066-POXGX,0.10878834,0,low
7881-EVUAD,0.32899004,0,medium
1704-NRWYE,0.015310748,0,low
2270-CHBFN,0.8924142,1,high
3472-OAOOR,0.03808953,0,low
1428-IEDPR,0.9189134,1,high
2514-GINMM,0.5175854,0,medium
4732-RRJZC,0.75983757,1,high
6979-ZNSFF,0.41863275,0,medium
4452-ROHMO,0.3785238,0,medium
7758-XKCBS,0.12112872,0,low
3551-GAEGL,0.42674002,0,medium
6390-DSAZX,0.8435054,1,high
0348-SDKOL,0.26690957,0,low
5229-DTFYB,0.8181045,1,high
8548-AWOFC,0.14915296,0,low
7340-KEFQE,0.46613634,0,medium
6434-TTGJP,0.14314671,0,low
3283-WCWXT,0.42184654,0,medium
1393-IMKZG,0.13993852,0,low
7508-SMHXL,0.1834678,0,low
6461-SZMCV,0.8476107,1,high
1323-OOEPC,0.5342336,0,medium
1987-AUELQ,0.05522713,0,low
9661-JALZV,0.005525053,0,low
7816-VGHTO,0.734983,1,high
9755-JHNMN,0.1944443,0,low
7508-DQAKK,0.077469304,0,low
8109-YUOHE,0.592563,0,medium
1237-WIYYZ,0.43721908,0,medium
5204-QZXPU,0.7005803,1,high
7717-BICXI,0.81688505,1,high
4626-OZDTJ,0.20307359,0,low
9334-GWGOW,0.056794245,0,low
1448-CYWKC,0.17996204,0,low
9253-QXKBE,0.5323333,0,medium
2971-SGAFL,0.09231336,0,low
8182-BJDSI,0.76304275,1,high
4145-UQXUQ,0.52471673,0,medium
3927-NLNRY,0.72057843,1,high
8777-PVYGU,0.057761155,0,low
8679-JOEVF,0.9284755,1,high
0106-GHRQR,0.7903753,1,high
7872-RDDLZ,0.67066425,1,medium
2360-RDGRO,0.87877923,1,high
4536-PLEQY,0.036640152,0,low
0617-FHSGK,0.18632682,0,low
2382-BCKQJ,0.02007713,0,low
0769-MURVM,0.06089402,0,low
2516-XSJKX,0.43799606,0,medium
5697-GOMBF,0.19361395,0,low
6878-GGDWG,0.794032,1,high
1535-VTJOQ,0.29514316,0,low
7908-QCBCA,0.8562218,1,high
5955-EPOAZ,0.6959958,1,medium
6656-GULJQ,0.023800101,0,low
2812-REYAT,0.031784307,0,low
8660-BUETV,0.118492104,0,low
2211-RMNHO,0.83535326,1,high
3808-HFKDE,0.22731389,0,low
1370-GGAWX,0.24947724,0,low
6172-FECYY,0.41614014,0,medium
9711-FJTBX,0.02599688,0,low
3780-DDGSE,0.9288813,1,high
8792-AOROI,0.7849065,1,high
2842-BCQGE,0.008369591,0,low
4056-QHXHZ,0.71809804,1,high
3247-ZVOUO,0.0971994,0,low
0991-BRRFB,0.6887337,1,medium
8104-OSKWT,0.19526857,0,low
8457-XIGKN,0.5958783,0,medium
7115-IRDHS,0.8684814,1,high
4537-DKTAL,0.020399967,0,low
0426-TIRNE,0.43617502,0,medium
3148-BLQJT,0.89388627,1,high
4118-CEVPF,0.71095383,1,high
6137-NICCO,0.6395888,1,medium
5882-CMAZQ,0.8532451,1,high
0795-LAFGP,0.04782091,0,low
8439-LTUGF,0.05772845,0,low
2782-LFZVW,0.73867106,1,high
8562-GHPPI,0.89202267,1,high
9921-ZVRHG,0.8934501,1,high
9248-OJYKK,0.6500475,1,medium
2023-VQFDL,0.7011827,1,high
7008-LZVOZ,0.37576076,0,medium
7452-FOLON,0.92432755,1,high
1580-BMCMR,0.29037607,0,low
3967-VQOGC,0.030112617,0,low
9207-ZPANB,0.37580028,0,medium
4396-KLSEH,0.44411924,0,medium
5985-BEHZK,0.027630514,0,low
2338-BQEZT,0.44927946,0,medium
6733-LRIZX,0.015300326,0,low
1194-HVAIF,0.49523464,0,medium
7669-LCRSD,0.86009854,1,high
4343-EJVQB,0.034627948,0,low
2947-DOMLJ,0.7376901,1,high
7601-GNDYK,0.76760757,1,high
6771-XWBDM,0.5610224,0,medium
3704-IEAXF,0.032182343,0,low
3746-EUBYR,0.53300035,0,medium
8229-TNIQA,0.67819893,1,medium
8023-QHAIO,0.35639927,0,medium
3179-GBRWV,0.6918242,1,medium
9972-VAFJJ,0.013986269,0,low
1627-AFWVJ,0.638323,1,medium
1452-XRSJV,0.87209076,1,high
2079-FBMZK,0.7895428,1,high
3137-NYQQI,0.81063527,1,high
7446-YPODE,0.4149697,0,medium
0531-ZZJWQ,0.008905211,0,low
0496-AHOOK,0.47092608,0,medium
4291-SHSBH,0.21534342,0,low
2195-VVRJF,0.23396705,0,low
5294-DMSFH,0.38214055,0,medium
2789-HQBOU,0.009365675,0,low
9261-WDCAF,0.8167634,1,high
5577-OTWWW,0.049434017,0,low
8016-NCFVO,0.61434627,0,medium
5451-MHQOF,0.3144574,0,medium
7973-DZRKH,0.17547803,0,low
6784-XYJAE,0.6577797,1,medium
5389-FFVKB,0.57867783,0,medium
3034-ZBEQN,0.22935496,0,low
5293-WXJAK,0.0073566656,0,low
0511-JTEOY,0.9012213,1,high
0423-UDIJQ,0.6169201,0,medium
3910-MRQOY,0.17748354,0,low
8871-JLMHM,0.025632182,0,low
7969-AULMZ,0.11304457,0,low
4060-LDNLU,0.011557719,0,low
0455-XFASS,0.9338512,1,high
7562-GSUHK,0.5301319,0,medium
3296-SILRA,0.8526814,1,high
3914-FDRHP,0.50363326,0,medium
8535-SFUTN,0.4878332,0,medium
2746-DIJLO,0.77553594,1,high
6119-SPUDB,0.9499035,1,high
