Status,Brand,CPU,RAM,Storage,Storage type,Screen,Touch,Final Price,gpu_brand,CPU_brand,CPU_tier,Storage_High,RAM_log,Actual_Price,Predicted_Price,Residual,Abs_Error
New,MSI,Intel Core i5,16,512,SSD,15.6,0,999.0,Nvidia,Intel,Mid,0,2.833213344056216,999.0,1048.8204,-49.8204345703125,49.8204345703125
New,Acer,Intel Core i7,32,1000,SSD,16.0,0,2739.0,Nvidia,Intel,High,1,3.4965075614664802,2739.0,2393.8584,345.1416015625,345.1416015625
New,MSI,Intel Evo Core i7,16,1000,SSD,13.3,0,1499.01,Unknown,Intel,High,1,2.833213344056216,1499.01,1202.8035,296.206533203125,296.206533203125
New,Lenovo,Intel Core i3,8,512,SSD,15.6,0,773.6,Unknown,Intel,Entry,0,2.1972245773362196,773.6,518.3949,255.20510253906252,255.20510253906252
New,MSI,Intel Core i5,16,512,SSD,15.6,0,1099.0,Nvidia,Intel,Mid,0,2.833213344056216,1099.0,1048.8204,50.1795654296875,50.1795654296875
Refurbished,MSI,Intel Core i7,16,512,SSD,14.0,0,1399.0,Nvidia,Intel,High,0,2.833213344056216,1399.0,980.669,418.33099365234375,418.33099365234375
New,Microsoft,Intel Core i7,16,512,SSD,12.3,0,2099.0,Unknown,Intel,High,0,2.833213344056216,2099.0,1601.4722,497.52783203125,497.52783203125
New,Dell,Intel Core i5,8,512,SSD,14.0,0,743.0,Unknown,Intel,Mid,0,2.1972245773362196,743.0,984.0397,-241.0396728515625,241.0396728515625
New,HP,Intel Core i3,8,256,SSD,14.0,0,581.07,Unknown,Intel,Entry,0,2.1972245773362196,581.07,616.3245,-35.2545239257812,35.2545239257812
New,HP,AMD Ryzen 7,16,1000,SSD,16.1,0,1699.01,Nvidia,AMD,High,1,2.833213344056216,1699.01,1551.8987,147.111318359375,147.111318359375
New,HP,AMD Ryzen 7,16,512,SSD,16.1,0,1099.0,Nvidia,AMD,High,0,2.833213344056216,1099.0,1372.2334,-273.2333984375,273.2333984375
Refurbished,Alurin,Intel Core i5,8,0,SSD,14.0,0,368.7,Unknown,Intel,Mid,0,2.1972245773362196,368.7,413.93607,-45.236065673828136,45.236065673828136
New,Asus,Intel Core i7,8,256,SSD,14.0,0,918.0,Unknown,Intel,High,0,2.1972245773362196,918.0,907.6415,10.3585205078125,10.3585205078125
Refurbished,Asus,AMD Ryzen 7,16,1000,SSD,15.6,0,853.69,Nvidia,AMD,High,1,2.833213344056216,853.69,1142.7523,-289.06231933593745,289.06231933593745
Refurbished,MSI,Intel Core i7,16,1000,SSD,15.6,0,2099.0,Nvidia,Intel,High,1,2.833213344056216,2099.0,1344.1414,754.858642578125,754.858642578125
Refurbished,MSI,AMD Ryzen 7,16,512,SSD,15.6,0,721.14,Nvidia,AMD,High,0,2.833213344056216,721.14,926.87366,-205.7336572265625,205.7336572265625
New,HP,Intel Core i5,8,512,SSD,16.1,0,1438.68,Nvidia,Intel,Mid,0,2.1972245773362196,1438.68,748.59094,690.0890576171876,690.0890576171876
Refurbished,HP,Intel Core i7,32,1000,SSD,16.1,0,1198.64,Nvidia,Intel,High,1,3.4965075614664802,1198.64,1544.5627,-345.9227441406249,345.9227441406249
New,Asus,Intel Core i5,8,512,SSD,13.3,0,819.0,Unknown,Intel,Mid,0,2.1972245773362196,819.0,859.5007,-40.50067138671875,40.50067138671875
New,Gigabyte,Intel Core i7,16,1000,SSD,17.3,0,2532.38,Nvidia,Intel,High,1,2.833213344056216,2532.38,2474.584,57.79601562500011,57.79601562500011
New,Dynabook Toshiba,Intel Core i5,8,512,SSD,15.6,0,1093.01,Unknown,Intel,Mid,0,2.1972245773362196,1093.01,801.31683,291.69316650390624,291.69316650390624
New,Gigabyte,Intel Core i7,16,1000,SSD,14.0,0,1969.01,Nvidia,Intel,High,1,2.833213344056216,1969.01,2357.6765,-388.666513671875,388.666513671875
New,Dynabook Toshiba,Intel Core i5,16,512,SSD,13.3,1,1779.99,Unknown,Intel,Mid,0,2.833213344056216,1779.99,1536.2103,243.7796728515625,243.7796728515625
Refurbished,MSI,Intel Core i7,32,1000,SSD,14.0,1,1582.84,Nvidia,Intel,High,1,3.4965075614664802,1582.84,1259.4275,323.4125097656249,323.4125097656249
New,Apple,Apple M2,8,512,SSD,15.3,0,1829.0,Unknown,Apple,High,0,2.1972245773362196,1829.0,1857.6376,-28.6375732421875,28.6375732421875
New,Lenovo,Intel Core i5,8,512,SSD,14.0,0,1015.55,Unknown,Intel,Mid,0,2.1972245773362196,1015.55,957.56616,57.983837890624955,57.983837890624955
Refurbished,Acer,Intel Core i7,16,512,SSD,15.6,0,1199.0,Nvidia,Intel,High,0,2.833213344056216,1199.0,985.4747,213.52532958984375,213.52532958984375
Refurbished,MSI,Intel Core i7,16,1000,SSD,15.6,0,1086.64,Nvidia,Intel,High,1,2.833213344056216,1086.64,1344.1414,-257.5013574218749,257.5013574218749
Refurbished,Acer,Intel Core i7,16,1000,SSD,15.6,0,1999.0,Nvidia,Intel,High,1,2.833213344056216,1999.0,1197.7526,801.2474365234375,801.2474365234375
New,Lenovo,Intel Evo Core i5,16,512,SSD,13.3,0,1162.82,Unknown,Intel,Mid,0,2.833213344056216,1162.82,1345.4681,-182.64813964843756,182.64813964843756
New,HP,AMD Ryzen 5,16,512,SSD,15.6,0,799.0,Unknown,AMD,Mid,0,2.833213344056216,799.0,681.79285,117.2071533203125,117.2071533203125
New,Asus,AMD Ryzen 7,8,512,SSD,15.6,0,1122.26,Nvidia,AMD,High,0,2.1972245773362196,1122.26,975.41876,146.84123779296874,146.84123779296874
New,MSI,Intel Core i7,16,1000,SSD,15.6,0,2099.0,Nvidia,Intel,High,1,2.833213344056216,2099.0,1655.0482,443.9517822265625,443.9517822265625
New,Acer,AMD Ryzen 3,8,256,SSD,15.6,0,479.0,Unknown,AMD,Entry,0,2.1972245773362196,479.0,479.53125,-0.53125,0.53125
New,HP,AMD Ryzen 5,16,512,SSD,16.1,0,1120.0,Nvidia,AMD,Mid,0,2.833213344056216,1120.0,915.0747,204.92529296875,204.92529296875
New,Lenovo,AMD Ryzen 3,8,256,SSD,14.0,0,756.95,Unknown,AMD,Entry,0,2.1972245773362196,756.95,598.40857,158.54143066406255,158.54143066406255
New,MSI,AMD Ryzen 7,16,512,SSD,15.6,0,999.0,AMD,AMD,High,0,2.833213344056216,999.0,1002.5156,-3.515625,3.515625
Refurbished,Gigabyte,Intel Core i5,16,512,SSD,14.0,0,899.0,Unknown,Intel,Mid,0,2.833213344056216,899.0,854.8644,44.1356201171875,44.1356201171875
New,MSI,Intel Core i7,16,1000,SSD,15.6,0,1199.0,Nvidia,Intel,High,1,2.833213344056216,1199.0,1655.0482,-456.0482177734375,456.0482177734375
New,Apple,Apple M2,16,512,SSD,13.3,0,1899.01,Unknown,Apple,High,0,2.833213344056216,1899.01,1833.4352,65.57481933593749,65.57481933593749
New,MSI,Intel Core i7,32,1000,SSD,16.0,0,1899.01,Nvidia,Intel,High,1,3.4965075614664802,1899.01,2200.5752,-301.5651953125,301.5651953125
Refurbished,Acer,Intel Core i7,16,512,SSD,16.0,0,1899.0,Nvidia,Intel,High,0,2.833213344056216,1899.0,1106.6122,792.3878173828125,792.3878173828125
New,HP,Intel Core i7,16,512,SSD,16.1,0,1192.98,Nvidia,Intel,High,0,2.833213344056216,1192.98,1352.3611,-159.38108398437498,159.38108398437498
New,HP,AMD Ryzen 3,8,512,SSD,15.6,0,405.39,Unknown,AMD,Entry,0,2.1972245773362196,405.39,462.8688,-57.47880493164064,57.47880493164064
New,Asus,Intel Celeron,4,32,eMMC,11.6,0,239.25,Unknown,Intel,Low,0,1.6094379124341003,239.25,404.29526,-165.04525756835938,165.04525756835938
New,Asus,AMD Ryzen 9,32,1000,SSD,14.0,0,2499.0,Nvidia,AMD,Flagship,1,3.4965075614664802,2499.0,2534.6829,-35.682861328125,35.682861328125
Refurbished,Asus,AMD Ryzen 9,32,1000,SSD,17.3,0,3258.19,Nvidia,AMD,Flagship,1,3.4965075614664802,3258.19,2330.9072,927.2827734375,927.2827734375
New,Acer,Intel Core i5,8,512,SSD,15.6,0,666.44,Unknown,Intel,Mid,0,2.1972245773362196,666.44,724.93854,-58.498537597656195,58.498537597656195
New,MSI,Intel Core i7,16,1000,SSD,16.0,0,1980.2,Nvidia,Intel,High,1,2.833213344056216,1980.2,1806.1516,174.04838867187505,174.04838867187505
New,HP,Intel Core i5,8,256,SSD,15.6,0,542.99,Unknown,Intel,Mid,0,2.1972245773362196,542.99,720.8317,-177.84172607421874,177.84172607421874
New,Lenovo,Qualcomm Snapdragon 8,16,256,SSD,13.3,0,1997.0,Unknown,Qualcomm,High,0,2.833213344056216,1997.0,1086.7668,910.233154296875,910.233154296875
New,Microsoft,Intel Evo Core i7,16,512,SSD,13.5,1,2022.7,Unknown,Intel,High,0,2.833213344056216,2022.7,1960.6621,62.037890625000045,62.037890625000045
New,Microsoft,Intel Evo Core i5,8,512,SSD,13.5,1,1576.27,Unknown,Intel,Mid,0,2.1972245773362196,1576.27,1438.5875,137.68247558593748,137.68247558593748
Refurbished,Lenovo,Intel Core i3,8,256,SSD,15.6,0,426.39,Unknown,Intel,Entry,0,2.1972245773362196,426.39,557.1365,-130.746474609375,130.746474609375
New,HP,AMD Ryzen 5,8,512,SSD,15.6,0,507.53,Unknown,AMD,Mid,0,2.1972245773362196,507.53,599.9409,-92.41091796875003,92.41091796875003
Refurbished,Asus,Intel Core i3,8,256,SSD,14.0,0,499.0,Unknown,Intel,Entry,0,2.1972245773362196,499.0,438.7852,60.214813232421875,60.214813232421875
Refurbished,Dell,Intel Core i5,8,512,SSD,13.4,0,699.0,Unknown,Intel,Mid,0,2.1972245773362196,699.0,899.5363,-200.53631591796875,200.53631591796875
Refurbished,Asus,AMD Ryzen 9,32,1000,SSD,17.3,0,2052.74,Nvidia,AMD,Flagship,1,3.4965075614664802,2052.74,2330.9072,-278.1672265625002,278.1672265625002
New,Dell,Intel Core i5,8,256,SSD,15.6,0,879.0,Unknown,Intel,Mid,0,2.1972245773362196,879.0,1034.6249,-155.6248779296875,155.6248779296875
Refurbished,HP,Intel Core i5,8,512,SSD,15.6,0,566.58,Unknown,Intel,Mid,0,2.1972245773362196,566.58,717.0984,-150.51838867187496,150.51838867187496
New,Acer,Intel Core i3,8,256,SSD,15.6,0,539.01,Unknown,Intel,Entry,0,2.1972245773362196,539.01,498.11588,40.894124755859366,40.894124755859366
New,MSI,Intel Core i7,32,1000,SSD,16.0,0,2578.38,Nvidia,Intel,High,1,3.4965075614664802,2578.38,2200.5752,377.8048046875001,377.8048046875001
New,MSI,Intel Core i9,32,1000,SSD,17.3,0,1599.0,Nvidia,Intel,Flagship,1,3.4965075614664802,1599.0,2729.0642,-1130.064208984375,1130.064208984375
New,Asus,AMD Ryzen 7,16,512,SSD,15.6,0,1299.01,Nvidia,AMD,High,0,2.833213344056216,1299.01,1178.5593,120.45067382812499,120.45067382812499
Refurbished,MSI,Intel Core i9,64,2000,SSD,17.3,0,4299.0,Nvidia,Intel,Flagship,1,4.174387269895637,4299.0,4452.054,-153.05419921875,153.05419921875
New,HP,Intel Core i7,32,1000,SSD,17.3,0,1699.01,Nvidia,Intel,High,1,3.4965075614664802,1699.01,2141.6963,-442.6862890625,442.6862890625
New,Lenovo,AMD Ryzen 3,8,256,SSD,15.6,0,511.49,Unknown,AMD,Entry,0,2.1972245773362196,511.49,490.69025,20.79975341796876,20.79975341796876
New,Asus,Intel Core i3,8,256,SSD,14.0,0,457.07,Unknown,Intel,Entry,0,2.1972245773362196,457.07,557.2759,-100.20587890625,100.20587890625
New,HP,Intel Core i3,8,256,SSD,15.6,0,556.59,Unknown,Intel,Entry,0,2.1972245773362196,556.59,499.74966,56.84033569335941,56.84033569335941
New,Asus,AMD Ryzen 7,16,512,SSD,15.6,0,1422.0,Unknown,AMD,High,0,2.833213344056216,1422.0,843.36176,578.6382446289062,578.6382446289062
New,HP,Intel Core i5,8,256,SSD,15.6,0,709.0,Unknown,Intel,Mid,0,2.1972245773362196,709.0,720.8317,-11.83172607421875,11.83172607421875
New,Dynabook Toshiba,Intel Core i5,8,256,SSD,13.3,0,1369.87,Unknown,Intel,Mid,0,2.1972245773362196,1369.87,937.27734,432.5926562499999,432.5926562499999
New,Asus,Intel Core i7,16,512,SSD,15.6,0,909.0,Unknown,Intel,High,0,2.833213344056216,909.0,938.8694,-29.869384765625,29.869384765625
New,Apple,Apple M2,8,256,SSD,13.3,0,1619.0,Unknown,Apple,High,0,2.1972245773362196,1619.0,1556.0652,62.934814453125,62.934814453125
New,Asus,AMD Ryzen 7,16,512,SSD,15.6,0,699.0,Unknown,AMD,High,0,2.833213344056216,699.0,843.36176,-144.36175537109375,144.36175537109375
New,Asus,AMD Ryzen 7,16,1000,SSD,16.0,0,1499.0,AMD,AMD,High,1,2.833213344056216,1499.0,1479.1604,19.839599609375,19.839599609375
New,MSI,Intel Core i7,32,1000,SSD,16.0,0,2239.01,Nvidia,Intel,High,1,3.4965075614664802,2239.01,2200.5752,38.43480468750022,38.43480468750022
New,Asus,AMD Ryzen 7,16,512,SSD,15.6,0,1175.01,Nvidia,AMD,High,0,2.833213344056216,1175.01,1178.5593,-3.549326171875009,3.549326171875009
New,Asus,Intel Celeron,4,256,SSD,14.0,1,398.01,Unknown,Intel,Low,0,1.6094379124341003,398.01,534.9424,-136.9323828125,136.9323828125
New,Asus,Intel Core i9,32,1000,SSD,18.0,0,3699.01,Nvidia,Intel,Flagship,1,3.4965075614664802,3699.01,2988.1448,710.8652246093752,710.8652246093752
New,HP,Intel Core i5,8,256,SSD,15.6,0,1730.38,Unknown,Intel,Mid,0,2.1972245773362196,1730.38,720.8317,1009.5482739257814,1009.5482739257814
New,Medion,AMD Ryzen 5,8,256,SSD,15.6,0,563.62,Unknown,AMD,Mid,0,2.1972245773362196,563.62,579.28345,-15.663447265624995,15.663447265624995
New,Asus,Intel Core i7,16,1000,SSD,15.6,0,2049.0,Nvidia,Intel,High,1,2.833213344056216,2049.0,1584.6194,464.380615234375,464.380615234375
New,Acer,Intel Core i5,8,256,SSD,15.6,0,474.86,Unknown,Intel,Mid,0,2.1972245773362196,474.86,717.8002,-242.9401708984375,242.9401708984375
New,Asus,Intel Pentium,8,128,SSD,13.3,1,776.14,Unknown,Intel,Low,0,2.1972245773362196,776.14,606.2016,169.93840087890624,169.93840087890624
New,Asus,Intel Core i9,32,1000,SSD,16.0,0,3699.01,Nvidia,Intel,Flagship,1,3.4965075614664802,3699.01,2943.9492,755.0607812500002,755.0607812500002
New,HP,Intel Core i3,8,512,SSD,15.6,0,549.0,Unknown,Intel,Entry,0,2.1972245773362196,549.0,495.67706,53.32293701171875,53.32293701171875
Refurbished,Asus,AMD Ryzen 7,16,1000,SSD,15.6,0,1600.0,Nvidia,AMD,High,1,2.833213344056216,1600.0,1142.7523,457.2476806640625,457.2476806640625
Refurbished,MSI,Intel Core i9,64,2000,SSD,17.3,0,3799.0,Nvidia,Intel,Flagship,1,4.174387269895637,3799.0,4452.054,-653.05419921875,653.05419921875
New,HP,Intel Core i5,8,512,SSD,15.6,0,559.01,Unknown,Intel,Mid,0,2.1972245773362196,559.01,673.375,-114.36500000000001,114.36500000000001
New,LG,Intel Evo Core i7,16,512,SSD,17.0,0,1799.0,Unknown,Intel,High,0,2.833213344056216,1799.0,1736.8918,62.108154296875,62.108154296875
New,Asus,Intel Core i5,16,512,SSD,14.0,0,959.91,Unknown,Intel,Mid,0,2.833213344056216,959.91,979.61896,-19.708957519531282,19.708957519531282
New,HP,AMD 3020e,8,256,SSD,15.6,0,301.01,Unknown,AMD,Low,0,2.1972245773362196,301.01,375.26968,-74.25968383789063,74.25968383789063
New,Alurin,Intel Core i5,8,500,SSD,15.6,0,600.0,Unknown,Intel,Mid,0,2.1972245773362196,600.0,532.4309,67.569091796875,67.569091796875
New,MSI,Intel Core i7,16,512,SSD,15.6,0,1299.0,Nvidia,Intel,High,0,2.833213344056216,1299.0,1429.7734,-130.7734375,130.7734375
New,HP,AMD Ryzen 5,8,512,SSD,16.1,0,812.52,Nvidia,AMD,Mid,0,2.1972245773362196,812.52,839.3239,-26.803913574218768,26.803913574218768
New,Medion,Intel Celeron,8,256,SSD,15.6,0,408.24,Unknown,Intel,Low,0,2.1972245773362196,408.24,301.1166,107.12339233398438,107.12339233398438
New,HP,Intel Core i7,16,1000,SSD,13.5,0,1699.01,Unknown,Intel,High,1,2.833213344056216,1699.01,1618.4672,80.54283691406249,80.54283691406249
New,Asus,Intel Celeron,8,256,SSD,15.6,0,285.0,Unknown,Intel,Low,0,2.1972245773362196,285.0,375.95917,-90.95916748046875,90.95916748046875
New,Asus,Intel Core i5,12,512,SSD,16.0,0,832.01,Unknown,Intel,Mid,0,2.5649493574615367,832.01,667.97003,164.03996826171874,164.03996826171874
New,HP,Intel Celeron,4,32,SSD,11.6,0,230.14,Unknown,Intel,Low,0,1.6094379124341003,230.14,393.97644,-163.8364404296875,163.8364404296875
Refurbished,MSI,Intel Core i7,16,1000,SSD,17.3,0,1749.0,Nvidia,Intel,High,1,2.833213344056216,1749.0,1545.5789,203.421142578125,203.421142578125
New,Apple,Apple M1,16,512,SSD,13.3,0,1569.01,Unknown,Apple,Mid,0,2.833213344056216,1569.01,1610.0377,-41.02771972656251,41.02771972656251
New,Lenovo,Intel Core i5,8,256,SSD,14.0,0,1161.0,Unknown,Intel,Mid,0,2.1972245773362196,1161.0,951.2579,209.74212646484375,209.74212646484375
Refurbished,Apple,Intel Core i5,8,256,SSD,13.3,0,873.6,Unknown,Intel,Mid,0,2.1972245773362196,873.6,814.35236,59.24764404296877,59.24764404296877
Refurbished,Apple,Apple M1 Pro,16,512,SSD,14.2,0,2500.01,Unknown,Apple,Flagship,0,2.833213344056216,2500.01,2003.2145,496.7955224609377,496.7955224609377
Refurbished,Lenovo,Intel Core i5,8,512,SSD,15.6,0,651.6,Unknown,Intel,Mid,0,2.1972245773362196,651.6,696.6803,-45.08029785156248,45.08029785156248
New,Asus,Intel Core i5,16,512,SSD,14.0,0,1579.0,Unknown,Intel,Mid,0,2.833213344056216,1579.0,979.61896,599.3810424804688,599.3810424804688
New,MSI,Intel Core i5,16,512,SSD,14.0,0,699.0,Unknown,Intel,Mid,0,2.833213344056216,699.0,995.2739,-296.27392578125,296.27392578125
New,HP,AMD Ryzen 5,8,512,SSD,15.6,0,536.48,Unknown,AMD,Mid,0,2.1972245773362196,536.48,599.9409,-63.46091796874998,63.46091796874998
New,Lenovo,Intel Core i7,16,512,SSD,15.6,0,1395.0,Unknown,Intel,High,0,2.833213344056216,1395.0,1139.3823,255.61767578125,255.61767578125
Refurbished,MSI,Intel Core i7,32,1000,SSD,15.6,0,3499.0,Nvidia,Intel,High,1,3.4965075614664802,3499.0,1918.9827,1580.017333984375,1580.017333984375
New,HP,Intel Core i7,16,1000,SSD,14.0,0,1629.0,Unknown,Intel,High,1,2.833213344056216,1629.0,1594.4175,34.58251953125,34.58251953125
New,Asus,Intel Core i5,16,512,SSD,15.6,0,720.92,Unknown,Intel,Mid,0,2.833213344056216,720.92,767.42126,-46.50126464843754,46.50126464843754
Refurbished,Apple,Intel Core i5,8,128,SSD,13.0,0,604.0,Unknown,Intel,Mid,0,2.1972245773362196,604.0,612.18823,-8.188232421875,8.188232421875
Refurbished,MSI,Intel Core i7,16,512,SSD,15.6,0,1071.44,Nvidia,Intel,High,0,2.833213344056216,1071.44,999.7192,71.7208227539063,71.7208227539063
New,HP,Intel Core i7,16,512,SSD,16.1,0,1301.0,Nvidia,Intel,High,0,2.833213344056216,1301.0,1352.3611,-51.361083984375,51.361083984375
Refurbished,HP,Intel Core i5,8,512,SSD,14.0,0,565.54,Nvidia,Intel,Mid,0,2.1972245773362196,565.54,928.52185,-362.98185058593754,362.98185058593754
Refurbished,Lenovo,Intel Core i7,8,512,SSD,14.0,1,899.0,Unknown,Intel,High,0,2.1972245773362196,899.0,851.20276,47.7972412109375,47.7972412109375
New,Asus,AMD Ryzen 3,8,256,SSD,15.6,0,595.72,Unknown,AMD,Entry,0,2.1972245773362196,595.72,485.58563,110.13436767578128,110.13436767578128
Refurbished,Lenovo,Intel Core i5,8,256,SSD,14.0,0,1251.91,Unknown,Intel,Mid,0,2.1972245773362196,1251.91,714.9765,536.9334985351563,536.9334985351563
Refurbished,Lenovo,Intel Core i5,16,512,SSD,14.0,0,1074.06,Unknown,Intel,Mid,0,2.833213344056216,1074.06,1018.3627,55.697329101562445,55.697329101562445
New,HP,AMD Ryzen 7,12,512,SSD,15.6,0,716.14,Unknown,AMD,High,0,2.5649493574615367,716.14,616.8086,99.33140624999999,99.33140624999999
Refurbished,MSI,Intel Core i7,16,512,SSD,15.6,0,1399.0,Nvidia,Intel,High,0,2.833213344056216,1399.0,999.7192,399.28082275390625,399.28082275390625
New,Asus,Intel Celeron,4,32,SSD,11.6,0,304.82,Unknown,Intel,Low,0,1.6094379124341003,304.82,404.60925,-99.7892529296875,99.7892529296875
New,Lenovo,AMD 3015e,4,128,SSD,11.6,1,461.48,Unknown,AMD,Low,0,1.6094379124341003,461.48,377.51007,83.96992919921877,83.96992919921877
Refurbished,Asus,AMD Ryzen 7,16,1000,SSD,15.6,0,1183.68,Nvidia,AMD,High,1,2.833213344056216,1183.68,1142.7523,40.927680664062564,40.927680664062564
New,Asus,Intel Celeron,4,32,eMMC,14.0,0,299.0,Unknown,Intel,Low,0,1.6094379124341003,299.0,368.34018,-69.34017944335938,69.34017944335938
New,PcCom,Intel Core i7,32,500,SSD,15.6,0,1699.0,Nvidia,Intel,High,0,3.4965075614664802,1699.0,1745.1854,-46.1854248046875,46.1854248046875
New,Lenovo,AMD Ryzen 3,8,256,SSD,15.6,0,391.0,Unknown,AMD,Entry,0,2.1972245773362196,391.0,490.69025,-99.69024658203125,99.69024658203125
New,Microsoft,Intel Core i5,8,512,SSD,13.5,1,1668.0,Unknown,Intel,Mid,0,2.1972245773362196,1668.0,1438.5875,229.4124755859375,229.4124755859375
Refurbished,HP,AMD Ryzen 5,16,512,SSD,16.1,0,735.84,Nvidia,AMD,Mid,0,2.833213344056216,735.84,593.99506,141.84494384765628,141.84494384765628
New,Acer,Intel Core i3,8,256,SSD,15.6,0,413.99,Unknown,Intel,Entry,0,2.1972245773362196,413.99,498.11588,-84.12587524414062,84.12587524414062
New,Asus,AMD Ryzen 7,16,512,SSD,15.6,0,1411.19,Nvidia,AMD,High,0,2.833213344056216,1411.19,1178.5593,232.63067382812505,232.63067382812505
New,Acer,AMD Ryzen 7,8,512,SSD,15.6,0,809.01,Unknown,AMD,High,0,2.1972245773362196,809.01,632.54205,176.46794677734374,176.46794677734374
New,Alurin,Intel Pentium,8,128,SSD,14.1,0,309.91,Unknown,Intel,Low,0,2.1972245773362196,309.91,349.06726,-39.157260742187475,39.157260742187475
Refurbished,Apple,Intel Core i5,8,512,SSD,12.0,0,684.65,Unknown,Intel,Mid,0,2.1972245773362196,684.65,804.89496,-120.24495849609377,120.24495849609377
New,HP,Intel Evo Core i7,16,1000,SSD,13.5,1,1699.01,Unknown,Intel,High,1,2.833213344056216,1699.01,1623.1763,75.83373046874999,75.83373046874999
New,LG,Intel Core i7,16,512,SSD,17.0,0,1409.01,Nvidia,Intel,High,0,2.833213344056216,1409.01,1906.89,-497.8800146484375,497.8800146484375
New,Microsoft,Intel Core i5,16,512,SSD,13.5,1,3747.91,Unknown,Intel,Mid,0,2.833213344056216,3747.91,1904.7612,1843.1487695312499,1843.1487695312499
New,Asus,Intel Core i7,8,512,SSD,15.6,0,840.24,Unknown,Intel,High,0,2.1972245773362196,840.24,746.3587,93.88129638671876,93.88129638671876
New,Dell,Intel Core i5,16,512,SSD,16.0,0,961.6,Unknown,Intel,Mid,0,2.833213344056216,961.6,1144.0211,-182.42111816406248,182.42111816406248
Refurbished,MSI,Intel Core i7,32,1000,SSD,14.0,0,840.84,Nvidia,Intel,High,1,3.4965075614664802,840.84,1280.1879,-439.34786621093747,439.34786621093747
Refurbished,Asus,AMD Ryzen 7,32,1000,SSD,15.6,0,1397.54,Nvidia,AMD,High,1,3.4965075614664802,1397.54,1730.8234,-333.28336425781254,333.28336425781254
New,Acer,Intel Core i7,16,512,SSD,15.6,0,1779.0,Nvidia,Intel,High,0,2.833213344056216,1779.0,1590.5192,188.4808349609375,188.4808349609375
Refurbished,Apple,Apple M1,16,1000,SSD,13.3,0,1999.0,Unknown,Apple,Mid,1,2.833213344056216,1999.0,1826.2458,172.754150390625,172.754150390625
New,HP,Intel Core i7,16,1000,SSD,14.0,0,1214.49,Unknown,Intel,High,1,2.833213344056216,1214.49,1594.4175,-379.92748046875,379.92748046875
New,Asus,Intel Core i5,16,512,SSD,14.0,0,800.0,Unknown,Intel,Mid,0,2.833213344056216,800.0,979.61896,-179.61895751953125,179.61895751953125
Refurbished,MSI,Intel Core i7,32,1000,SSD,15.6,0,1014.54,Nvidia,Intel,High,1,3.4965075614664802,1014.54,1918.9827,-904.442666015625,904.442666015625
New,Asus,Intel Core i7,8,512,SSD,15.6,0,769.0,Unknown,Intel,High,0,2.1972245773362196,769.0,746.3587,22.64129638671875,22.64129638671875
New,HP,AMD Ryzen 5,8,256,SSD,15.6,0,538.99,Unknown,AMD,Mid,0,2.1972245773362196,538.99,668.0541,-129.0640771484375,129.0640771484375
New,Asus,Intel Core i7,16,512,SSD,15.6,0,1481.63,Nvidia,Intel,High,0,2.833213344056216,1481.63,1335.5778,146.0522412109376,146.0522412109376
Refurbished,Asus,Intel Core i5,8,256,SSD,14.0,0,549.0,Unknown,Intel,Mid,0,2.1972245773362196,549.0,578.01434,-29.01434326171875,29.01434326171875
Refurbished,Lenovo,Intel Core i7,16,512,SSD,15.6,0,1475.51,Nvidia,Intel,High,0,2.833213344056216,1475.51,1060.7838,414.7261865234375,414.7261865234375
Refurbished,Asus,Intel Core i7,16,1000,SSD,15.6,0,905.84,Nvidia,Intel,High,1,2.833213344056216,905.84,1049.2583,-143.41830078124997,143.41830078124997
Refurbished,Lenovo,Intel Core i7,16,512,SSD,16.0,0,2228.08,Nvidia,Intel,High,0,2.833213344056216,2228.08,1982.7871,245.29289062499993,245.29289062499993
New,HP,Intel Core i7,16,1000,SSD,14.0,0,1409.01,Unknown,Intel,High,1,2.833213344056216,1409.01,1594.4175,-185.40748046875,185.40748046875
New,HP,AMD 3020e,4,256,SSD,15.6,0,355.01,Unknown,AMD,Low,0,1.6094379124341003,355.01,357.51233,-2.502329101562509,2.502329101562509
Refurbished,MSI,Intel Core i7,16,1000,SSD,14.0,0,1499.0,Nvidia,Intel,High,1,2.833213344056216,1499.0,1261.3698,237.6302490234375,237.6302490234375
New,Lenovo,Intel Core i5,16,512,SSD,14.0,1,829.01,Unknown,Intel,Mid,0,2.833213344056216,829.01,1397.3539,-568.3438818359375,568.3438818359375
New,Dell,Intel Core i5,16,512,SSD,15.6,0,869.0,Unknown,Intel,Mid,0,2.833213344056216,869.0,1166.134,-297.134033203125,297.134033203125
New,Lenovo,Intel Evo Core i7,8,512,SSD,14.0,0,1271.0,Unknown,Intel,High,0,2.1972245773362196,1271.0,1066.9098,204.0902099609375,204.0902099609375
New,Lenovo,Intel Core i3,8,256,SSD,15.6,0,345.0,Unknown,Intel,Entry,0,2.1972245773362196,345.0,546.8836,-201.88360595703125,201.88360595703125
New,MSI,Intel Core i7,32,1000,SSD,17.3,0,2249.0,Nvidia,Intel,High,1,3.4965075614664802,2249.0,2796.826,-547.825927734375,547.825927734375
Refurbished,Gigabyte,Intel Core i7,16,512,SSD,15.6,0,808.49,Nvidia,Intel,High,0,2.833213344056216,808.49,1159.5225,-351.0324609375,351.0324609375
New,Vant,Intel Core i7,16,500,SSD,14.0,0,1123.0,Unknown,Intel,High,0,2.833213344056216,1123.0,1118.8623,4.1376953125,4.1376953125
Refurbished,Lenovo,Intel Core i5,8,256,SSD,15.6,0,970.48,Unknown,Intel,Mid,0,2.1972245773362196,970.48,725.4911,244.98891113281252,244.98891113281252
New,HP,Intel Celeron,4,64,eMMC,15.6,0,376.0,Unknown,Intel,Low,0,1.6094379124341003,376.0,343.34268,32.657318115234375,32.657318115234375
Refurbished,Microsoft,Intel Core i5,8,256,SSD,12.3,0,866.0,Unknown,Intel,Mid,0,2.1972245773362196,866.0,950.58527,-84.58526611328125,84.58526611328125
Refurbished,Apple,Intel Core i5,8,512,SSD,13.3,0,1027.5,Unknown,Intel,Mid,0,2.1972245773362196,1027.5,972.51013,54.9898681640625,54.9898681640625
New,Asus,Intel Core i7,32,1000,SSD,15.6,0,1889.0,Nvidia,Intel,High,1,3.4965075614664802,1889.0,2038.8564,-149.8564453125,149.8564453125
New,Lenovo,Intel Celeron,4,128,SSD,11.6,0,310.84,Unknown,Intel,Low,0,1.6094379124341003,310.84,373.852,-63.011989746093775,63.011989746093775
Refurbished,Apple,Intel Core i5,16,512,SSD,13.3,0,884.99,Unknown,Intel,Mid,0,2.833213344056216,884.99,1270.3363,-385.3463037109375,385.3463037109375
New,Lenovo,Intel Core i7,32,1000,SSD,17.3,1,2858.0,Unknown,Intel,High,1,3.4965075614664802,2858.0,3056.1306,-198.130615234375,198.130615234375
Refurbished,MSI,Intel Core i7,16,1000,SSD,17.3,0,1899.0,Nvidia,Intel,High,1,2.833213344056216,1899.0,1545.5789,353.421142578125,353.421142578125
Refurbished,MSI,Intel Core i7,16,1000,SSD,15.6,0,825.64,Nvidia,Intel,High,1,2.833213344056216,825.64,1344.1414,-518.501357421875,518.501357421875
New,Dell,Intel Core i5,8,256,SSD,14.0,0,1032.38,Unknown,Intel,Mid,0,2.1972245773362196,1032.38,919.7412,112.63878906250011,112.63878906250011
New,HP,Intel Core i7,16,512,SSD,15.6,0,819.0,Unknown,Intel,High,0,2.833213344056216,819.0,1105.7396,-286.7396240234375,286.7396240234375
Refurbished,HP,Intel Core i7,16,512,SSD,14.0,0,1255.73,Unknown,Intel,High,0,2.833213344056216,1255.73,1480.5477,-224.81772949218748,224.81772949218748
Refurbished,Asus,AMD Ryzen 7,16,1000,SSD,14.0,0,2199.0,Unknown,AMD,High,1,2.833213344056216,2199.0,968.40247,1230.5975341796875,1230.5975341796875
New,Asus,Intel Core i7,16,512,SSD,15.6,0,937.54,Unknown,Intel,High,0,2.833213344056216,937.54,938.8694,-1.3293847656250364,1.3293847656250364
New,Asus,Intel Core i5,8,512,SSD,15.6,0,502.0,Unknown,Intel,Mid,0,2.1972245773362196,502.0,687.1075,-185.10748291015625,185.10748291015625
Refurbished,Apple,Apple M1,8,256,SSD,13.3,0,1029.76,Unknown,Apple,Mid,0,2.1972245773362196,1029.76,1086.2466,-56.48658203125001,56.48658203125001
New,MSI,Intel Core i7,32,1000,SSD,16.0,0,2599.01,Nvidia,Intel,High,1,3.4965075614664802,2599.01,2200.5752,398.4348046875002,398.4348046875002
New,Lenovo,Intel Core i5,8,512,SSD,15.6,0,579.9,Unknown,Intel,Mid,0,2.1972245773362196,579.9,728.30774,-148.40773925781252,148.40773925781252
New,MSI,Intel Core i7,32,1000,SSD,16.0,0,2449.0,Nvidia,Intel,High,1,3.4965075614664802,2449.0,2200.5752,248.4248046875,248.4248046875
New,HP,AMD Ryzen 3,8,1000,SSD,15.6,0,471.0,Unknown,AMD,Entry,1,2.1972245773362196,471.0,725.42163,-254.421630859375,254.421630859375
New,MSI,Intel Core i7,16,1000,SSD,17.3,0,1496.56,Nvidia,Intel,High,1,2.833213344056216,1496.56,1993.6891,-497.12908691406255,497.12908691406255
Refurbished,MSI,Intel Core i7,16,512,SSD,15.6,0,1399.0,Nvidia,Intel,High,0,2.833213344056216,1399.0,999.7192,399.28082275390625,399.28082275390625
New,Acer,Intel Core i5,8,512,SSD,15.6,0,770.56,Unknown,Intel,Mid,0,2.1972245773362196,770.56,724.93854,45.621462402343695,45.621462402343695
Refurbished,Acer,Intel Celeron,4,128,SSD,15.6,0,264.14,Unknown,Intel,Low,0,1.6094379124341003,264.14,277.94827,-13.808272705078139,13.808272705078139
Refurbished,Dell,Intel Core i5,8,256,SSD,14.0,0,448.99,Unknown,Intel,Mid,0,2.1972245773362196,448.99,516.53033,-67.54033447265624,67.54033447265624
New,Lenovo,Intel Evo Core i7,16,1000,SSD,14.0,1,2646.0,Unknown,Intel,High,1,2.833213344056216,2646.0,2254.561,391.43896484375,391.43896484375
Refurbished,MSI,Intel Core i7,32,1000,SSD,15.6,0,3799.0,Nvidia,Intel,High,1,3.4965075614664802,3799.0,1918.9827,1880.017333984375,1880.017333984375
New,HP,Intel Core i5,8,256,SSD,15.6,0,876.08,Unknown,Intel,Mid,0,2.1972245773362196,876.08,720.8317,155.2482739257813,155.2482739257813
New,HP,Intel Core i5,16,512,SSD,14.0,0,1624.46,Unknown,Intel,Mid,0,2.833213344056216,1624.46,1333.887,290.57303710937504,290.57303710937504
Refurbished,Asus,Intel Core i7,16,512,SSD,17.3,0,1648.69,Nvidia,Intel,High,0,2.833213344056216,1648.69,868.2725,780.4174780273438,780.4174780273438
Refurbished,HP,Intel Core i5,8,512,SSD,15.6,0,475.99,Unknown,Intel,Mid,0,2.1972245773362196,475.99,717.0984,-241.108388671875,241.108388671875
Refurbished,Gigabyte,Intel Core i7,16,512,SSD,15.6,0,1110.94,Nvidia,Intel,High,0,2.833213344056216,1110.94,1159.5225,-48.582460937499945,48.582460937499945
New,Asus,Intel Core i7,16,512,SSD,14.0,1,2409.49,Unknown,Intel,High,0,2.833213344056216,2409.49,1749.6216,659.8684179687498,659.8684179687498
Refurbished,Dell,Intel Core i5,16,256,SSD,14.0,0,499.0,Unknown,Intel,Mid,0,2.833213344056216,499.0,558.3317,-59.33172607421875,59.33172607421875
New,MSI,Intel Core i7,16,1000,SSD,16.0,1,2649.0,Nvidia,Intel,High,1,2.833213344056216,2649.0,2338.726,310.27392578125,310.27392578125
Refurbished,Apple,Intel Core i5,16,512,SSD,13.3,0,1299.75,Unknown,Intel,Mid,0,2.833213344056216,1299.75,1270.3363,29.4136962890625,29.4136962890625
Refurbished,Lenovo,Intel Core i3,8,256,SSD,15.6,0,307.09,Unknown,Intel,Entry,0,2.1972245773362196,307.09,557.1365,-250.04647460937503,250.04647460937503
New,Lenovo,AMD Ryzen 7,16,512,SSD,16.0,0,2281.0,Unknown,AMD,High,0,2.833213344056216,2281.0,1296.1611,984.8388671875,984.8388671875
Refurbished,Asus,Intel Core i7,16,512,SSD,14.0,0,799.0,Unknown,Intel,High,0,2.833213344056216,799.0,875.6464,-76.64642333984375,76.64642333984375
Refurbished,MSI,Intel Core i7,16,1000,SSD,14.0,0,1599.0,Nvidia,Intel,High,1,2.833213344056216,1599.0,1261.3698,337.6302490234375,337.6302490234375
New,Lenovo,AMD Ryzen 7,16,512,SSD,16.0,0,1748.99,Nvidia,AMD,High,0,2.833213344056216,1748.99,2479.2642,-730.27416015625,730.27416015625
New,HP,Intel Core i5,16,512,SSD,15.6,0,1041.0,Unknown,Intel,Mid,0,2.833213344056216,1041.0,813.2369,227.76312255859375,227.76312255859375
New,Asus,Intel Core i5,8,256,SSD,14.0,0,686.45,Unknown,Intel,Mid,0,2.1972245773362196,686.45,794.5389,-108.0888793945312,108.0888793945312
New,Asus,Intel Core i9,16,1000,SSD,16.0,1,2599.01,Nvidia,Intel,Flagship,1,2.833213344056216,2599.01,2525.9915,73.01854492187522,73.01854492187522
Refurbished,HP,Intel Core i7,8,1000,SSD,15.6,0,784.69,Nvidia,Intel,High,1,2.1972245773362196,784.69,1449.756,-665.0659814453124,665.0659814453124
Refurbished,Lenovo,AMD 3020e,8,256,SSD,15.6,0,299.0,Unknown,AMD,Low,0,2.1972245773362196,299.0,431.05664,-132.056640625,132.056640625
New,Asus,AMD Ryzen 7,16,512,SSD,14.0,0,1199.0,Unknown,AMD,High,0,2.833213344056216,1199.0,1123.3008,75.69921875,75.69921875
New,Asus,Intel Core i5,8,512,SSD,15.6,0,505.01,Unknown,Intel,Mid,0,2.1972245773362196,505.01,687.1075,-182.09748291015626,182.09748291015626
New,Asus,Intel Core i7,16,512,SSD,14.0,0,1189.0,Unknown,Intel,High,0,2.833213344056216,1189.0,1237.8884,-48.888427734375,48.888427734375
New,HP,Intel Core i3,8,256,SSD,15.6,0,586.4,Unknown,Intel,Entry,0,2.1972245773362196,586.4,499.74966,86.65033569335935,86.65033569335935
New,Asus,AMD Ryzen 5,8,512,SSD,16.0,0,437.87,Unknown,AMD,Mid,0,2.1972245773362196,437.87,606.2243,-168.35430419921875,168.35430419921875
New,MSI,Intel Core i9,32,1000,SSD,15.6,0,2299.0,Nvidia,Intel,Flagship,1,3.4965075614664802,2299.0,2732.185,-433.18505859375,433.18505859375
New,PcCom,Intel Core i5,16,500,SSD,15.6,0,1549.9,Nvidia,Intel,Mid,0,2.833213344056216,1549.9,1371.6458,178.2542480468751,178.2542480468751
New,Apple,Apple M2,8,256,SSD,13.6,0,1519.0,Unknown,Apple,High,0,2.1972245773362196,1519.0,1557.5765,-38.5765380859375,38.5765380859375
New,Apple,Apple M2,8,256,SSD,15.3,0,1599.0,Unknown,Apple,High,0,2.1972245773362196,1599.0,1618.5995,-19.5994873046875,19.5994873046875
New,Asus,Intel Core i7,16,512,SSD,17.3,0,912.0,Unknown,Intel,High,0,2.833213344056216,912.0,1025.5569,-113.556884765625,113.556884765625
Refurbished,Acer,Intel Celeron,8,128,eMMC,15.6,0,399.0,Unknown,Intel,Low,0,2.1972245773362196,399.0,348.90744,50.092559814453125,50.092559814453125
New,Lenovo,Intel Core i7,16,512,SSD,15.6,0,2039.0,Nvidia,Intel,High,0,2.833213344056216,2039.0,1664.58,374.4200439453125,374.4200439453125
New,Asus,AMD Ryzen 5,16,512,SSD,14.0,0,955.0,Unknown,AMD,Mid,0,2.833213344056216,955.0,895.3651,59.6348876953125,59.6348876953125
Refurbished,Apple,Intel Core i5,8,256,SSD,13.3,0,755.0,Unknown,Intel,Mid,0,2.1972245773362196,755.0,814.35236,-59.35235595703125,59.35235595703125
New,Lenovo,Intel Evo Core i7,16,512,SSD,14.0,0,1625.28,Unknown,Intel,High,0,2.833213344056216,1625.28,1474.736,150.54403808593747,150.54403808593747
Refurbished,Asus,Intel Core i7,16,512,SSD,15.6,0,899.0,Unknown,Intel,High,0,2.833213344056216,899.0,780.4246,118.57537841796875,118.57537841796875
New,Lenovo,AMD Ryzen 5,8,256,SSD,15.6,0,834.11,Nvidia,AMD,Mid,0,2.1972245773362196,834.11,954.3678,-120.25779785156249,120.25779785156249
New,Primux,Intel Core i5,8,512,SSD,15.6,0,438.46,Unknown,Intel,Mid,0,2.1972245773362196,438.46,580.0707,-141.61067871093752,141.61067871093752
New,Dell,Intel Core i5,8,256,SSD,15.6,0,2450.71,Unknown,Intel,Mid,0,2.1972245773362196,2450.71,1034.6249,1416.0851220703125,1416.0851220703125
New,Lenovo,Intel Evo Core i5,8,256,SSD,14.0,0,1512.54,Unknown,Intel,Mid,0,2.1972245773362196,1512.54,951.2579,561.2821264648437,561.2821264648437
New,HP,Intel Core i3,8,256,SSD,15.6,0,552.33,Unknown,Intel,Entry,0,2.1972245773362196,552.33,499.74966,52.580335693359416,52.580335693359416
Refurbished,Lenovo,Intel Core i7,16,1000,SSD,14.0,0,1999.0,Unknown,Intel,High,1,2.833213344056216,1999.0,1150.347,848.6529541015625,848.6529541015625
Refurbished,Razer,Intel Core i7,16,512,SSD,15.6,0,1583.39,Nvidia,Intel,High,0,2.833213344056216,1583.39,1729.8859,-146.4958642578124,146.4958642578124
New,Samsung,Intel Evo Core i5,16,512,SSD,13.3,1,1489.0,Unknown,Intel,Mid,0,2.833213344056216,1489.0,1620.9745,-131.9744873046875,131.9744873046875
New,HP,Intel Core i7,32,512,SSD,16.1,0,1499.01,Nvidia,Intel,High,0,3.4965075614664802,1499.01,1985.9944,-486.984384765625,486.984384765625
New,HP,Intel Core i5,8,256,SSD,14.0,0,764.34,Unknown,Intel,Mid,0,2.1972245773362196,764.34,963.0706,-198.73061767578122,198.73061767578122
New,Asus,Intel Core i5,16,512,SSD,14.0,1,1703.0,Unknown,Intel,Mid,0,2.833213344056216,1703.0,1411.6758,291.32421875,291.32421875
New,Acer,Intel Core i5,8,256,SSD,15.6,0,529.0,Unknown,Intel,Mid,0,2.1972245773362196,529.0,717.8002,-188.8001708984375,188.8001708984375
Refurbished,Asus,Intel Core i3,8,256,SSD,15.6,0,363.83,Unknown,Intel,Entry,0,2.1972245773362196,363.83,455.04553,-91.21553222656252,91.21553222656252
New,Deep Gaming,Intel Core i7,32,2000,SSD,15.6,0,1525.0,Nvidia,Intel,High,1,3.4965075614664802,1525.0,1697.4243,-172.42431640625,172.42431640625
New,Asus,AMD Ryzen 7,16,512,SSD,14.0,0,1149.0,Unknown,AMD,High,0,2.833213344056216,1149.0,1123.3008,25.69921875,25.69921875
New,Dell,Intel Core i5,8,256,SSD,15.6,0,1307.01,Unknown,Intel,Mid,0,2.1972245773362196,1307.01,1034.6249,272.3851220703125,272.3851220703125
New,Asus,AMD Ryzen 7,16,512,SSD,15.6,0,1454.12,Nvidia,AMD,High,0,2.833213344056216,1454.12,1178.5593,275.5606738281249,275.5606738281249
Refurbished,Asus,Intel Core i7,16,512,SSD,14.0,0,849.0,Unknown,Intel,High,0,2.833213344056216,849.0,875.6464,-26.64642333984375,26.64642333984375
New,Acer,Intel Core i5,8,256,SSD,15.6,0,531.8,Unknown,Intel,Mid,0,2.1972245773362196,531.8,717.8002,-186.00017089843755,186.00017089843755
Refurbished,MSI,Intel Core i7,16,1000,SSD,15.6,0,1749.0,Nvidia,Intel,High,1,2.833213344056216,1749.0,1344.1414,404.858642578125,404.858642578125
New,Acer,AMD Ryzen 5,8,256,SSD,15.6,0,439.0,Unknown,AMD,Mid,0,2.1972245773362196,439.0,654.2011,-215.20111083984375,215.20111083984375
Refurbished,HP,Intel Core i5,8,256,SSD,13.3,1,866.0,Unknown,Intel,Mid,0,2.1972245773362196,866.0,873.1616,-7.16162109375,7.16162109375
Refurbished,HP,AMD Ryzen 7,16,512,SSD,13.3,0,663.69,Unknown,AMD,High,0,2.833213344056216,663.69,1180.0173,-516.327333984375,516.327333984375
Refurbished,Asus,AMD Ryzen 9,16,1000,SSD,15.6,0,1299.0,Nvidia,AMD,Flagship,1,2.833213344056216,1299.0,1515.3882,-216.38818359375,216.38818359375
New,Lenovo,Intel Core i7,16,512,SSD,14.0,0,1555.46,Unknown,Intel,High,0,2.833213344056216,1555.46,1474.736,80.72403808593754,80.72403808593754
Refurbished,Acer,Intel Celeron,8,128,eMMC,14.0,1,449.0,Unknown,Intel,Low,0,2.1972245773362196,449.0,508.22546,-59.2254638671875,59.2254638671875
New,Acer,AMD Ryzen 3,8,256,SSD,15.6,0,371.0,Unknown,AMD,Entry,0,2.1972245773362196,371.0,479.53125,-108.53125,108.53125
New,Millenium,Intel Core i7,16,500,SSD,15.6,0,1640.98,Nvidia,Intel,High,0,2.833213344056216,1640.98,1567.3407,73.63930175781252,73.63930175781252
New,Razer,Intel Core i9,32,1000,SSD,16.0,0,4199.91,Nvidia,Intel,Flagship,1,3.4965075614664802,4199.91,3944.3123,255.59774414062485,255.59774414062485
New,Alurin,AMD Ryzen 5,8,500,SSD,15.6,0,459.0,Unknown,AMD,Mid,0,2.1972245773362196,459.0,480.8183,-21.81829833984375,21.81829833984375
Refurbished,Asus,AMD Ryzen 7,16,1000,SSD,15.6,0,1999.0,Nvidia,AMD,High,1,2.833213344056216,1999.0,1142.7523,856.2476806640625,856.2476806640625
New,Lenovo,Intel Core i7,16,512,SSD,15.6,0,699.0,Unknown,Intel,High,0,2.833213344056216,699.0,1139.3823,-440.38232421875,440.38232421875
New,Asus,Intel Core i7,16,512,SSD,13.3,1,1238.18,Unknown,Intel,High,0,2.833213344056216,1238.18,1546.6995,-308.51946289062494,308.51946289062494
Refurbished,Gigabyte,Intel Core i7,16,512,SSD,15.6,0,835.24,Nvidia,Intel,High,0,2.833213344056216,835.24,1159.5225,-324.2824609375,324.2824609375
Refurbished,HP,Intel Core i5,8,256,SSD,13.3,0,749.99,Unknown,Intel,Mid,0,2.1972245773362196,749.99,753.6143,-3.624318847656241,3.624318847656241
New,Microsoft,Intel Evo Core i7,8,256,SSD,15.0,1,1529.0,Unknown,Intel,High,0,2.1972245773362196,1529.0,1559.1323,-30.13232421875,30.13232421875
Refurbished,Razer,Intel Core i7,16,1000,SSD,17.3,0,2899.99,Nvidia,Intel,High,1,2.833213344056216,2899.99,2716.4495,183.54053710937478,183.54053710937478
New,Asus,Intel Core i5,8,512,SSD,15.6,0,544.58,Unknown,Intel,Mid,0,2.1972245773362196,544.58,687.1075,-142.5274829101562,142.5274829101562
New,Samsung,Intel Celeron,4,32,eMMC,11.6,0,365.9,Unknown,Intel,Low,0,1.6094379124341003,365.9,421.94092,-56.04091796875002,56.04091796875002
New,Asus,Intel Core i5,8,512,SSD,15.6,0,666.37,Unknown,Intel,Mid,0,2.1972245773362196,666.37,687.1075,-20.737482910156245,20.737482910156245
New,Asus,Intel Core i3,8,512,SSD,15.6,0,499.0,Unknown,Intel,Entry,0,2.1972245773362196,499.0,504.59296,-5.59295654296875,5.59295654296875
New,Acer,Intel Core i7,8,512,SSD,15.6,0,839.0,Unknown,Intel,High,0,2.1972245773362196,839.0,762.3679,76.632080078125,76.632080078125
New,Asus,Intel Celeron,4,128,eMMC,14.0,1,345.0,Unknown,Intel,Low,0,1.6094379124341003,345.0,503.70248,-158.70248413085938,158.70248413085938
New,Asus,Intel Evo Core i7,16,512,SSD,14.0,0,1449.5,Unknown,Intel,High,0,2.833213344056216,1449.5,1237.8884,211.611572265625,211.611572265625
New,Medion,AMD Ryzen 5,8,256,SSD,15.6,0,399.99,Unknown,AMD,Mid,0,2.1972245773362196,399.99,579.28345,-179.293447265625,179.293447265625
New,HP,Intel Core i7,8,512,SSD,15.6,0,730.01,Unknown,Intel,High,0,2.1972245773362196,730.01,782.90424,-52.89423583984376,52.89423583984376
New,Deep Gaming,Intel Core i7,32,1000,SSD,15.6,0,1334.0,Nvidia,Intel,High,1,3.4965075614664802,1334.0,1562.3037,-228.3037109375,228.3037109375
New,HP,Intel Core i7,16,1000,SSD,15.6,0,1312.0,Unknown,Intel,High,1,2.833213344056216,1312.0,1162.9545,149.0455322265625,149.0455322265625
New,HP,AMD Athlon,8,256,SSD,15.6,0,349.0,Unknown,AMD,Low,0,2.1972245773362196,349.0,375.26968,-26.269683837890625,26.269683837890625
Refurbished,HP,Intel Core i7,16,512,SSD,15.6,0,3848.01,Nvidia,Intel,High,0,2.833213344056216,3848.01,1944.8242,1903.1857812500002,1903.1857812500002
New,Lenovo,AMD Ryzen 7,16,512,SSD,15.6,0,999.0,Nvidia,AMD,High,0,2.833213344056216,999.0,1284.1124,-285.1124267578125,285.1124267578125
New,Acer,Intel Core i7,16,1000,SSD,16.0,0,1471.61,Nvidia,Intel,High,1,2.833213344056216,1471.61,1924.6139,-453.0038916015626,453.0038916015626
New,Lenovo,Intel Core i5,8,256,SSD,13.3,1,1329.0,Unknown,Intel,Mid,0,2.1972245773362196,1329.0,1000.43524,328.56475830078125,328.56475830078125
New,Asus,Intel Core i5,8,256,SSD,14.0,0,1143.53,Unknown,Intel,Mid,0,2.1972245773362196,1143.53,794.5389,348.9911206054687,348.9911206054687
New,HP,Intel Core i7,8,512,SSD,15.6,0,628.96,Unknown,Intel,High,0,2.1972245773362196,628.96,782.90424,-153.9442358398437,153.9442358398437
Refurbished,MSI,Intel Core i7,32,1000,SSD,17.3,0,3699.0,Nvidia,Intel,High,1,3.4965075614664802,3699.0,2241.9802,1457.019775390625,1457.019775390625
New,Asus,Intel Core i7,16,512,SSD,14.0,0,800.0,Unknown,Intel,High,0,2.833213344056216,800.0,1237.8884,-437.888427734375,437.888427734375
New,Dell,Intel Core i5,16,512,SSD,15.6,0,1675.2,Unknown,Intel,Mid,0,2.833213344056216,1675.2,1166.134,509.06596679687505,509.06596679687505
Refurbished,Asus,AMD Ryzen 7,8,512,SSD,14.0,0,495.74,Unknown,AMD,High,0,2.1972245773362196,495.74,716.6043,-220.86430908203124,220.86430908203124
New,MSI,Intel Core i7,16,1000,SSD,14.0,0,1149.0,Unknown,Intel,High,1,2.833213344056216,1149.0,1204.1862,-55.1861572265625,55.1861572265625
New,Microsoft,Intel Evo Core i5,8,256,SSD,13.0,1,1299.0,Unknown,Intel,Mid,0,2.1972245773362196,1299.0,1312.2784,-13.2784423828125,13.2784423828125
New,Acer,AMD Ryzen 5,8,512,SSD,15.6,0,819.0,Unknown,AMD,Mid,0,2.1972245773362196,819.0,630.2512,188.748779296875,188.748779296875
New,Lenovo,Intel Evo Core i7,16,1000,SSD,13.0,1,3107.62,Unknown,Intel,High,1,2.833213344056216,3107.62,2260.0552,847.5648242187499,847.5648242187499
New,HP,Intel Core i7,16,512,SSD,15.6,0,999.0,Unknown,Intel,High,0,2.833213344056216,999.0,1105.7396,-106.7396240234375,106.7396240234375
New,HP,AMD Ryzen 5,8,256,SSD,15.6,0,644.7,Unknown,AMD,Mid,0,2.1972245773362196,644.7,668.0541,-23.354077148437455,23.354077148437455
New,Asus,AMD Ryzen 9,16,1000,SSD,13.4,1,1999.0,Nvidia,AMD,Flagship,1,2.833213344056216,1999.0,2718.5564,-719.556396484375,719.556396484375
New,Medion,AMD Ryzen 5,8,256,SSD,15.6,0,399.99,Unknown,AMD,Mid,0,2.1972245773362196,399.99,579.28345,-179.293447265625,179.293447265625
New,Lenovo,Intel Core i5,8,256,SSD,15.6,0,879.0,Unknown,Intel,Mid,0,2.1972245773362196,879.0,807.36554,71.63446044921875,71.63446044921875
New,Lenovo,Intel Core i5,16,512,SSD,14.0,0,2068.0,Unknown,Intel,Mid,0,2.833213344056216,2068.0,1165.7068,902.293212890625,902.293212890625
New,Lenovo,Intel Core i7,32,1000,SSD,17.3,0,3496.86,Nvidia,Intel,High,1,3.4965075614664802,3496.86,2427.4556,1069.4044335937501,1069.4044335937501
New,HP,Intel Core i7,16,1000,SSD,16.1,0,1699.01,Nvidia,Intel,High,1,2.833213344056216,1699.01,1589.7782,109.23180175781249,109.23180175781249
New,Lenovo,Intel Core i3,8,512,SSD,15.6,0,547.91,Unknown,Intel,Entry,0,2.1972245773362196,547.91,518.3949,29.515102539062468,29.515102539062468
Refurbished,HP,Intel Core i7,16,512,SSD,16.0,0,3697.02,Nvidia,Intel,High,0,2.833213344056216,3697.02,1659.3774,2037.64255859375,2037.64255859375
New,HP,Intel Core i3,8,256,SSD,15.6,0,831.12,Unknown,Intel,Entry,0,2.1972245773362196,831.12,499.74966,331.3703356933594,331.3703356933594
Refurbished,Apple,Intel Core i7,16,512,SSD,15.4,0,977.08,Nvidia,Intel,High,0,2.833213344056216,977.08,1077.708,-100.62800781249996,100.62800781249996
New,Lenovo,Intel Core i7,16,512,SSD,14.0,0,2175.0,Nvidia,Intel,High,0,2.833213344056216,2175.0,1900.4208,274.5792236328125,274.5792236328125
New,Medion,Intel Core i5,8,512,SSD,15.6,0,1029.0,Nvidia,Intel,Mid,0,2.1972245773362196,1029.0,991.39197,37.6080322265625,37.6080322265625
New,Microsoft,Intel Evo Core i7,8,256,SSD,15.0,1,1658.99,Unknown,Intel,High,0,2.1972245773362196,1658.99,1559.1323,99.85767578125001,99.85767578125001
Refurbished,Apple,Intel Core i7,16,1000,SSD,13.3,0,1632.5,Unknown,Intel,High,1,2.833213344056216,1632.5,1448.2428,184.2572021484375,184.2572021484375
Refurbished,Lenovo,AMD Ryzen 7,16,512,SSD,15.6,0,1180.29,Nvidia,AMD,High,0,2.833213344056216,1180.29,1032.9352,147.35481933593746,147.35481933593746
New,Millenium,Intel Core i7,16,500,SSD,15.6,0,2312.71,Nvidia,Intel,High,0,2.833213344056216,2312.71,1567.3407,745.3693017578125,745.3693017578125
New,Asus,Intel Core i3,8,256,SSD,15.6,0,445.99,Unknown,Intel,Entry,0,2.1972245773362196,445.99,495.879,-49.888997802734366,49.888997802734366
New,Apple,Apple M2 Pro,32,512,SSD,16.2,0,3279.0,Unknown,Apple,Flagship,0,3.4965075614664802,3279.0,3067.9624,211.03759765625,211.03759765625
Refurbished,Apple,Intel Core i5,4,128,SSD,13.3,0,299.0,Unknown,Intel,Mid,0,1.6094379124341003,299.0,464.13654,-165.13653564453125,165.13653564453125
New,HP,Intel Core i7,8,512,SSD,15.6,0,699.0,Unknown,Intel,High,0,2.1972245773362196,699.0,782.90424,-83.90423583984375,83.90423583984375
New,Microsoft,Microsoft SQ1,16,512,SSD,13.0,1,2406.35,Unknown,Microsoft,Mid,0,2.833213344056216,2406.35,1696.7487,709.6013427734374,709.6013427734374
Refurbished,Lenovo,Intel Core i3,8,256,SSD,14.0,1,537.19,Unknown,Intel,Entry,0,2.1972245773362196,537.19,651.2378,-114.04779296874995,114.04779296874995
Refurbished,Asus,Intel Core i3,8,256,SSD,15.6,0,479.0,Unknown,Intel,Entry,0,2.1972245773362196,479.0,455.04553,23.9544677734375,23.9544677734375
New,Asus,AMD Ryzen 7,32,1000,SSD,15.6,0,2079.01,Nvidia,AMD,High,1,3.4965075614664802,2079.01,2014.479,64.53099609375022,64.53099609375022
New,Lenovo,AMD Ryzen 7,16,512,SSD,13.3,0,2068.0,Unknown,AMD,High,0,2.833213344056216,2068.0,1176.3312,891.6688232421875,891.6688232421875
New,Lenovo,Intel Core i5,8,256,SSD,14.0,0,1223.43,Unknown,Intel,Mid,0,2.1972245773362196,1223.43,951.2579,272.1721264648438,272.1721264648438
New,Lenovo,AMD Ryzen 5,8,512,SSD,15.6,0,589.0,Unknown,AMD,Mid,0,2.1972245773362196,589.0,619.698,-30.697998046875,30.697998046875
New,Razer,Intel Core i7,32,1000,SSD,15.6,0,4099.0,Nvidia,Intel,High,1,3.4965075614664802,4099.0,3449.1467,649.853271484375,649.853271484375
Refurbished,Acer,Intel Core i7,8,512,SSD,15.6,0,475.83,Unknown,Intel,High,0,2.1972245773362196,475.83,686.8983,-211.06831542968752,211.06831542968752
Refurbished,MSI,Intel Core i7,32,1000,SSD,17.3,0,1721.09,Nvidia,Intel,High,1,3.4965075614664802,1721.09,2241.9802,-520.8902246093751,520.8902246093751
Refurbished,MSI,Intel Core i7,16,1000,SSD,14.0,0,1278.99,Nvidia,Intel,High,1,2.833213344056216,1278.99,1261.3698,17.62024902343751,17.62024902343751
New,HP,Intel Core i7,16,512,SSD,15.6,0,695.5,Unknown,Intel,High,0,2.833213344056216,695.5,1105.7396,-410.2396240234375,410.2396240234375
New,Asus,Intel Core i7,16,1000,SSD,17.3,0,1619.0,Nvidia,Intel,High,1,2.833213344056216,1619.0,1638.3495,-19.3494873046875,19.3494873046875
New,Asus,Intel Core i9,32,1000,SSD,16.0,0,2599.0,Nvidia,Intel,Flagship,1,3.4965075614664802,2599.0,2943.9492,-344.94921875,344.94921875
New,Lenovo,AMD 3020e,4,128,SSD,15.6,0,442.99,Unknown,AMD,Low,0,1.6094379124341003,442.99,355.94418,87.04581665039063,87.04581665039063
New,HP,Intel Core i5,8,512,SSD,15.6,0,699.0,Unknown,Intel,Mid,0,2.1972245773362196,699.0,673.375,25.625,25.625
New,MSI,Intel Core i7,32,1000,SSD,16.0,1,2099.0,Nvidia,Intel,High,1,3.4965075614664802,2099.0,2862.5823,-763.582275390625,763.582275390625
New,Acer,Intel Core i7,8,512,SSD,14.0,0,714.29,Unknown,Intel,High,0,2.1972245773362196,714.29,1002.01196,-287.72196289062504,287.72196289062504
New,Medion,Intel Core i5,8,256,SSD,15.6,0,727.49,Unknown,Intel,Mid,0,2.1972245773362196,727.49,636.028,91.46198486328126,91.46198486328126
Refurbished,Razer,Intel Core i7,16,512,SSD,15.6,0,1232.74,Nvidia,Intel,High,0,2.833213344056216,1232.74,1729.8859,-497.1458642578125,497.1458642578125
New,Dynabook Toshiba,Intel Core i7,16,512,SSD,13.3,0,1805.01,Unknown,Intel,High,0,2.833213344056216,1805.01,1468.2406,336.7693994140625,336.7693994140625
New,Apple,Apple M2 Pro,16,1000,SSD,14.2,0,2749.0,Unknown,Apple,Flagship,1,2.833213344056216,2749.0,2741.452,7.548095703125,7.548095703125
New,HP,AMD Athlon,8,256,SSD,15.6,0,384.27,Unknown,AMD,Low,0,2.1972245773362196,384.27,375.26968,9.000316162109357,9.000316162109357
New,Lenovo,AMD 3015e,4,128,eMMC,11.6,0,397.0,Unknown,AMD,Low,0,1.6094379124341003,397.0,356.36353,40.636474609375,40.636474609375
Refurbished,HP,Intel Core i3,8,512,SSD,15.6,0,392.69,Unknown,Intel,Entry,0,2.1972245773362196,392.69,661.3928,-268.702822265625,268.702822265625
New,Deep Gaming,Intel Core i7,32,1000,SSD,17.3,0,1549.01,Nvidia,Intel,High,1,3.4965075614664802,1549.01,1497.1729,51.83714843749999,51.83714843749999
New,Asus,AMD Ryzen 9,32,1000,SSD,14.0,0,4599.0,Nvidia,AMD,Flagship,1,3.4965075614664802,4599.0,2534.6829,2064.317138671875,2064.317138671875
New,HP,Intel Core i5,8,512,SSD,15.6,0,623.66,Unknown,Intel,Mid,0,2.1972245773362196,623.66,673.375,-49.71500000000003,49.71500000000003
New,MSI,Intel Core i7,32,1000,SSD,16.0,0,1929.01,Nvidia,Intel,High,1,3.4965075614664802,1929.01,2200.5752,-271.5651953125,271.5651953125
New,MSI,Intel Core i7,32,1000,SSD,14.0,0,2699.0,Nvidia,Intel,High,1,3.4965075614664802,2699.0,1840.4797,858.520263671875,858.520263671875
New,Lenovo,Intel Core i3,8,256,SSD,15.6,0,479.0,Unknown,Intel,Entry,0,2.1972245773362196,479.0,546.8836,-67.88360595703125,67.88360595703125
Refurbished,MSI,Intel Core i9,32,1000,SSD,17.3,0,2599.0,Nvidia,Intel,Flagship,1,3.4965075614664802,2599.0,2257.164,341.8359375,341.8359375
New,Dell,Intel Core i5,8,256,SSD,15.6,0,1040.55,Unknown,Intel,Mid,0,2.1972245773362196,1040.55,1034.6249,5.9251220703124545,5.9251220703124545
New,MSI,Intel Core i9,32,1000,SSD,16.0,1,2899.0,Nvidia,Intel,Flagship,1,3.4965075614664802,2899.0,2932.8125,-33.8125,33.8125
New,Alurin,AMD Ryzen 5,8,500,SSD,15.6,0,559.0,Unknown,AMD,Mid,0,2.1972245773362196,559.0,480.8183,78.18170166015625,78.18170166015625
New,HP,AMD Ryzen 3,8,256,SSD,15.6,0,461.05,Unknown,AMD,Entry,0,2.1972245773362196,461.05,493.12497,-32.074969482421864,32.074969482421864
New,Microsoft,AMD Ryzen 7,8,256,SSD,15.0,1,1649.54,Unknown,AMD,High,0,2.1972245773362196,1649.54,1487.5535,161.98653320312496,161.98653320312496
New,Acer,Intel Core i7,16,1000,SSD,16.0,0,1899.0,Nvidia,Intel,High,1,2.833213344056216,1899.0,1924.6139,-25.6138916015625,25.6138916015625
New,Asus,Intel Core i5,8,512,SSD,15.6,0,613.91,Unknown,Intel,Mid,0,2.1972245773362196,613.91,687.1075,-73.19748291015628,73.19748291015628
New,LG,Intel Evo Core i7,32,512,SSD,17.0,0,2360.08,Unknown,Intel,High,0,3.4965075614664802,2360.08,2037.4398,322.6401806640624,322.6401806640624
Refurbished,Asus,AMD Ryzen 3,8,256,SSD,15.6,0,469.0,Unknown,AMD,Entry,0,2.1972245773362196,469.0,462.909,6.09100341796875,6.09100341796875
New,Lenovo,Intel Core i3,8,256,SSD,15.6,0,449.0,Unknown,Intel,Entry,0,2.1972245773362196,449.0,546.8836,-97.88360595703125,97.88360595703125
New,Lenovo,AMD Ryzen 5,16,512,SSD,15.6,0,879.0,Nvidia,AMD,Mid,0,2.833213344056216,879.0,942.5704,-63.57037353515625,63.57037353515625
Refurbished,Lenovo,Intel Evo Core i7,16,1000,SSD,14.0,1,1999.0,Unknown,Intel,High,1,2.833213344056216,1999.0,1500.5664,498.43359375,498.43359375
New,Acer,Qualcomm Snapdragon 7,8,64,eMMC,13.3,1,602.66,Unknown,Qualcomm,Mid,0,2.1972245773362196,602.66,581.48096,21.179042968749968,21.179042968749968
Refurbished,MSI,Intel Core i7,32,1000,SSD,17.3,0,2899.0,Nvidia,Intel,High,1,3.4965075614664802,2899.0,2241.9802,657.019775390625,657.019775390625
Refurbished,LG,Intel Core i7,32,1000,SSD,17.0,0,1424.19,Unknown,Intel,High,1,3.4965075614664802,1424.19,1945.9905,-521.800478515625,521.800478515625
New,Lenovo,Intel Core i5,16,512,SSD,13.3,0,1423.48,Unknown,Intel,Mid,0,2.833213344056216,1423.48,1345.4681,78.01186035156252,78.01186035156252
New,MSI,Intel Core i3,8,256,SSD,15.6,0,499.0,Unknown,Intel,Entry,0,2.1972245773362196,499.0,528.8872,-29.88720703125,29.88720703125
New,HP,AMD Ryzen 7,16,512,SSD,15.6,0,649.01,Unknown,AMD,High,0,2.833213344056216,649.01,871.4001,-222.39008544921876,222.39008544921876
Refurbished,Dell,Intel Core i5,8,256,SSD,14.0,0,499.0,Unknown,Intel,Mid,0,2.1972245773362196,499.0,516.53033,-17.53033447265625,17.53033447265625
New,Dell,Intel Core i7,16,512,SSD,15.6,0,1715.18,Unknown,Intel,High,0,2.833213344056216,1715.18,1306.9833,408.19672363281256,408.19672363281256
New,HP,Intel Core i5,8,512,SSD,15.6,0,552.0,Unknown,Intel,Mid,0,2.1972245773362196,552.0,673.375,-121.375,121.375
New,HP,AMD Ryzen 5,8,512,SSD,15.6,0,599.01,Unknown,AMD,Mid,0,2.1972245773362196,599.01,599.9409,-0.9309179687500091,0.9309179687500091
New,HP,AMD Ryzen 7,12,512,SSD,15.6,0,749.0,Unknown,AMD,High,0,2.5649493574615367,749.0,616.8086,132.19140625,132.19140625
New,Lenovo,Intel Core i5,16,512,SSD,15.6,0,749.0,Unknown,Intel,Mid,0,2.833213344056216,749.0,897.89026,-148.8902587890625,148.8902587890625
New,HP,AMD Ryzen 7,8,512,SSD,16.1,0,909.13,Nvidia,AMD,High,0,2.1972245773362196,909.13,1001.525,-92.3950244140625,92.3950244140625
Refurbished,MSI,Intel Core i7,16,1000,SSD,15.6,0,665.74,Unknown,Intel,High,1,2.833213344056216,665.74,1048.8671,-383.1270654296875,383.1270654296875
New,MSI,Intel Core i7,32,1000,SSD,17.0,0,2799.0,Nvidia,Intel,High,1,3.4965075614664802,2799.0,3398.5615,-599.5615234375,599.5615234375
New,Lenovo,AMD Ryzen 5,8,256,SSD,15.6,0,449.0,Unknown,AMD,Mid,0,2.1972245773362196,449.0,713.4536,-264.45361328125,264.45361328125
New,MSI,Intel Core i7,32,1000,SSD,14.0,0,1708.96,Unknown,Intel,High,1,3.4965075614664802,1708.96,1900.0104,-191.05037597656246,191.05037597656246
Refurbished,Asus,Intel Core i5,16,512,SSD,15.6,0,699.0,Unknown,Intel,Mid,0,2.833213344056216,699.0,718.36707,-19.3670654296875,19.3670654296875
New,HP,Intel Core i7,16,512,SSD,15.6,0,2008.81,Nvidia,Intel,High,0,2.833213344056216,2008.81,2277.588,-268.77789062500005,268.77789062500005
New,Acer,AMD Ryzen 5,8,512,SSD,15.6,0,854.93,Unknown,AMD,Mid,0,2.1972245773362196,854.93,630.2512,224.67877929687495,224.67877929687495
Refurbished,Gigabyte,Intel Core i7,16,1000,SSD,15.6,0,1304.79,Nvidia,Intel,High,1,2.833213344056216,1304.79,1601.151,-296.36100097656254,296.36100097656254
New,Samsung,Intel Evo Core i7,16,512,SSD,16.0,0,2050.99,Unknown,Intel,High,0,2.833213344056216,2050.99,1945.4011,105.58887695312478,105.58887695312478
New,Dynabook Toshiba,Intel Core i3,8,256,SSD,15.6,0,679.0,Unknown,Intel,Entry,0,2.1972245773362196,679.0,607.8676,71.13238525390625,71.13238525390625
Refurbished,Asus,AMD Ryzen 9,32,1000,SSD,17.3,0,1999.0,Nvidia,AMD,Flagship,1,3.4965075614664802,1999.0,2330.9072,-331.9072265625,331.9072265625
Refurbished,Lenovo,Intel Core i7,8,512,SSD,14.0,0,587.32,Unknown,Intel,High,0,2.1972245773362196,587.32,863.0839,-275.7639233398437,275.7639233398437
New,HP,Intel Celeron,4,128,SSD,17.3,0,391.0,Unknown,Intel,Low,0,1.6094379124341003,391.0,474.28726,-83.28726196289062,83.28726196289062
New,Asus,Intel Celeron,8,64,eMMC,15.6,0,382.0,Unknown,Intel,Low,0,2.1972245773362196,382.0,384.20248,-2.202484130859375,2.202484130859375
New,Acer,Intel Celeron,8,256,SSD,15.6,0,306.99,Unknown,Intel,Low,0,2.1972245773362196,306.99,377.32303,-70.33302856445312,70.33302856445312
Refurbished,MSI,Intel Core i7,16,1000,SSD,15.6,0,916.94,Nvidia,Intel,High,1,2.833213344056216,916.94,1344.1414,-427.20135742187495,427.20135742187495
Refurbished,Asus,AMD Ryzen 7,16,1000,SSD,15.6,0,1499.0,Nvidia,AMD,High,1,2.833213344056216,1499.0,1142.7523,356.2476806640625,356.2476806640625
New,MSI,Intel Core i9,128,2000,SSD,17.3,0,5999.0,Nvidia,Intel,Flagship,1,4.859812404361672,5999.0,4943.057,1055.94287109375,1055.94287109375
New,MSI,Intel Core i7,16,1000,SSD,17.3,0,2303.1,Nvidia,Intel,High,1,2.833213344056216,2303.1,1993.6891,309.4109130859374,309.4109130859374
New,Toshiba,Intel Core i3,8,256,SSD,14.0,0,799.0,Unknown,Intel,Entry,0,2.1972245773362196,799.0,562.95984,236.0401611328125,236.0401611328125
New,Lenovo,Intel Core i5,16,512,SSD,15.6,0,1319.01,Nvidia,Intel,Mid,0,2.833213344056216,1319.01,1139.2485,179.76146484375,179.76146484375
Refurbished,Dell,Intel Core i5,8,256,SSD,14.0,0,699.0,Unknown,Intel,Mid,0,2.1972245773362196,699.0,516.53033,182.46966552734375,182.46966552734375
Refurbished,MSI,Intel Core i7,16,512,SSD,17.3,0,1549.0,Nvidia,Intel,High,0,2.833213344056216,1549.0,1052.4528,496.5472412109375,496.5472412109375
Refurbished,Apple,Intel Core i5,8,128,SSD,13.3,0,658.25,Unknown,Intel,Mid,0,2.1972245773362196,658.25,726.712,-68.46197509765625,68.46197509765625
New,Dell,Intel Core i5,16,512,SSD,13.3,0,1071.49,Unknown,Intel,Mid,0,2.833213344056216,1071.49,1280.5077,-209.0176904296875,209.0176904296875
Refurbished,Razer,Intel Core i7,32,1000,SSD,15.6,0,3399.99,Nvidia,Intel,High,1,3.4965075614664802,3399.99,3137.5977,262.3923437499998,262.3923437499998
Refurbished,MSI,Intel Core i9,32,2000,SSD,17.0,1,3899.0,Nvidia,Intel,Flagship,1,3.4965075614664802,3899.0,4681.3955,-782.3955078125,782.3955078125
Refurbished,MSI,Intel Core i7,16,512,SSD,14.0,0,999.0,Unknown,Intel,High,0,2.833213344056216,999.0,879.879,119.1209716796875,119.1209716796875
Refurbished,Lenovo,Intel Core i5,16,512,SSD,14.0,0,635.0,Unknown,Intel,Mid,0,2.833213344056216,635.0,1018.3627,-383.3626708984375,383.3626708984375
New,MSI,Intel Core i7,32,1000,SSD,17.0,0,3699.0,Nvidia,Intel,High,1,3.4965075614664802,3699.0,3398.5615,300.4384765625,300.4384765625
New,HP,Intel Celeron,4,32,eMMC,11.6,1,332.41,Unknown,Intel,Low,0,1.6094379124341003,332.41,311.01627,21.3937341308594,21.3937341308594
New,Asus,Intel Core i3,8,256,SSD,15.6,0,389.0,Unknown,Intel,Entry,0,2.1972245773362196,389.0,495.879,-106.87899780273438,106.87899780273438
New,LG,Intel Core i7,16,1000,SSD,17.0,0,1999.0,Nvidia,Intel,High,1,2.833213344056216,1999.0,1972.3851,26.6148681640625,26.6148681640625
New,Lenovo,Intel Core i5,16,512,SSD,15.6,0,729.0,Unknown,Intel,Mid,0,2.833213344056216,729.0,897.89026,-168.8902587890625,168.8902587890625
New,HP,Intel Core i7,16,512,SSD,16.1,0,1399.0,Nvidia,Intel,High,0,2.833213344056216,1399.0,1352.3611,46.638916015625,46.638916015625
New,Dynabook Toshiba,Intel Core i5,8,256,SSD,15.6,0,899.01,Unknown,Intel,Mid,0,2.1972245773362196,899.01,802.4118,96.59819580078124,96.59819580078124
New,Lenovo,Intel Core i5,16,512,SSD,15.6,0,699.0,Unknown,Intel,Mid,0,2.833213344056216,699.0,897.89026,-198.8902587890625,198.8902587890625
Refurbished,Apple,Intel Core i9,16,512,SSD,15.4,0,1410.65,Nvidia,Intel,Flagship,0,2.833213344056216,1410.65,1368.5063,42.14365234375009,42.14365234375009
New,HP,Intel Core i5,8,512,SSD,14.0,1,987.0,Unknown,Intel,Mid,0,2.1972245773362196,987.0,1267.1285,-280.1285400390625,280.1285400390625
Refurbished,MSI,Intel Core i7,32,1000,SSD,15.6,0,1592.89,Nvidia,Intel,High,1,3.4965075614664802,1592.89,1918.9827,-326.0926660156249,326.0926660156249
Refurbished,Asus,Intel Core i5,8,256,SSD,15.6,0,599.0,Unknown,Intel,Mid,0,2.1972245773362196,599.0,591.9439,7.05609130859375,7.05609130859375
New,Medion,Intel Core i5,16,1000,SSD,15.6,0,1119.01,Nvidia,Intel,Mid,1,2.833213344056216,1119.01,1089.1338,29.87621093749999,29.87621093749999
New,Lenovo,AMD Ryzen 5,8,512,SSD,14.0,0,757.0,Unknown,AMD,Mid,0,2.1972245773362196,757.0,842.3885,-85.38848876953125,85.38848876953125
Refurbished,MSI,AMD Ryzen 7,16,1000,SSD,15.6,0,1149.0,AMD,AMD,High,1,2.833213344056216,1149.0,1108.6062,40.393798828125,40.393798828125
New,Acer,AMD Ryzen 5,8,512,SSD,15.6,0,379.01,Unknown,AMD,Mid,0,2.1972245773362196,379.01,630.2512,-251.241220703125,251.241220703125
New,HP,AMD Ryzen 3,8,256,SSD,15.6,0,391.41,Unknown,AMD,Entry,0,2.1972245773362196,391.41,493.12497,-101.71496948242185,101.71496948242185
New,Asus,Intel Core i5,8,256,SSD,16.0,0,469.9,Unknown,Intel,Mid,0,2.1972245773362196,469.9,653.27637,-183.37636718750002,183.37636718750002
New,Prixton,Intel Celeron,4,128,SSD,15.6,0,246.95,Unknown,Intel,Low,0,1.6094379124341003,246.95,328.43448,-81.48447875976564,81.48447875976564
New,Microsoft,Intel Evo Core i5,8,256,SSD,13.5,1,1321.47,Unknown,Intel,Mid,0,2.1972245773362196,1321.47,1174.8597,146.61025878906253,146.61025878906253
Refurbished,HP,Intel Core i5,8,256,SSD,13.3,1,620.0,Unknown,Intel,Mid,0,2.1972245773362196,620.0,873.1616,-253.16162109375,253.16162109375
New,MSI,Intel Core i7,16,1000,SSD,17.3,0,1496.56,Nvidia,Intel,High,1,2.833213344056216,1496.56,1993.6891,-497.12908691406255,497.12908691406255
New,Asus,AMD Ryzen 9,64,2000,SSD,16.0,0,5159.0,Nvidia,AMD,Flagship,1,4.174387269895637,5159.0,5219.333,-60.3330078125,60.3330078125
New,Dell,Intel Core i7,16,512,SSD,15.6,0,997.79,Unknown,Intel,High,0,2.833213344056216,997.79,1306.9833,-309.19327636718754,309.19327636718754
New,Asus,Intel Core i5,8,512,SSD,15.6,0,946.7,Nvidia,Intel,Mid,0,2.1972245773362196,946.7,956.46313,-9.763134765624955,9.763134765624955
New,Dynabook Toshiba,Intel Core i7,8,256,SSD,14.0,0,765.75,Unknown,Intel,High,0,2.1972245773362196,765.75,922.7242,-156.97418212890625,156.97418212890625
New,Apple,Apple M2,16,256,SSD,13.3,0,1729.01,Unknown,Apple,High,0,2.833213344056216,1729.01,1612.5894,116.42064453124999,116.42064453124999
New,Asus,Intel Core i5,8,512,SSD,16.0,0,609.01,Unknown,Intel,Mid,0,2.1972245773362196,609.01,663.3249,-54.31489013671876,54.31489013671876
New,Lenovo,AMD Ryzen 7,16,512,SSD,15.6,0,1149.56,Unknown,AMD,High,0,2.833213344056216,1149.56,873.11615,276.4438500976562,276.4438500976562
Refurbished,MSI,Intel Core i7,32,1000,SSD,16.0,1,2699.0,Nvidia,Intel,High,1,3.4965075614664802,2699.0,2370.6118,328.38818359375,328.38818359375
New,Asus,Intel Core i5,8,512,SSD,15.6,0,509.0,Unknown,Intel,Mid,0,2.1972245773362196,509.0,687.1075,-178.10748291015625,178.10748291015625
New,HP,AMD Ryzen 3,8,256,SSD,15.6,0,386.05,Unknown,AMD,Entry,0,2.1972245773362196,386.05,493.12497,-107.07496948242186,107.07496948242186
